alarm_description,Severity,Alarm ID,Alarm Source,Location Info,Other Information,Last Occurred (ST),Acknowledged On (ST),Fiber/Cable Name,Cleared By,Acknowledged By,Clearance Status,Acknowledgement Status,Alarm Serial Number
2,3,324,39,180,216,2025-05-14 20:00:00,2025-05-14 21:00:00,14,4,2,0,1,27692378
0,3,2,28,593,167,2025-05-05 11:00:00,2025-05-05 14:00:00,98,1,3,0,1,27695057
0,2,12350,16,631,229,2025-05-14 07:00:00,2025-05-14 12:00:00,14,0,1,0,1,27917457
0,2,13203,27,657,205,2025-05-01 09:00:00,2025-05-01 12:00:00,31,4,2,1,0,27813751
1,3,327,17,1031,192,2025-05-12 00:00:00,2025-05-12 01:00:00,0,3,0,1,0,27919352
0,3,13142,10,888,188,2025-05-06 04:00:00,2025-05-06 07:00:00,18,1,0,1,1,27896652
1,0,1,32,11,209,2025-05-03 04:00:00,2025-05-03 07:00:00,98,1,0,1,0,27416206
0,1,235,22,872,207,2025-05-01 07:00:00,2025-05-01 12:00:00,18,1,3,0,0,27429495
1,2,235,64,1039,185,2025-05-11 00:00:00,2025-05-11 02:00:00,14,1,0,1,1,27705200
1,0,13552,10,55,186,2025-05-11 16:00:00,2025-05-11 21:00:00,31,4,0,1,0,27797883
0,2,119,46,592,188,2025-05-11 05:00:00,2025-05-11 10:00:00,18,0,1,1,1,27623687
1,3,236,28,643,209,2025-05-12 09:00:00,2025-05-12 13:00:00,31,3,0,1,1,27906639
0,2,2,31,985,188,2025-05-05 19:00:00,2025-05-05 22:00:00,31,4,0,1,0,27864241
2,2,236,51,895,167,2025-05-19 22:00:00,2025-05-20 00:00:00,31,1,1,0,1,27385625
2,2,199,20,957,228,2025-05-03 15:00:00,2025-05-03 19:00:00,14,4,1,0,1,27858858
2,1,12956,35,516,186,2025-05-12 05:00:00,2025-05-12 09:00:00,31,0,3,1,0,27722192
2,0,327,56,909,198,2025-05-18 16:00:00,2025-05-18 21:00:00,31,1,1,1,1,27415562
0,2,12544,4,929,142,2025-05-04 02:00:00,2025-05-04 03:00:00,0,4,1,0,0,27710303
2,0,63604,61,283,230,2025-05-11 05:00:00,2025-05-11 10:00:00,14,3,2,1,0,27741434
2,2,25,44,569,103,2025-05-05 07:00:00,2025-05-05 11:00:00,18,1,3,0,1,27745778
2,2,12307,27,925,202,2025-05-19 13:00:00,2025-05-19 18:00:00,14,4,1,1,0,27411519
1,3,187,1,561,167,2025-05-08 00:00:00,2025-05-08 04:00:00,31,3,0,0,1,27816179
2,1,324,10,665,181,2025-05-16 14:00:00,2025-05-16 16:00:00,18,4,1,0,0,27637081
1,0,25,19,576,126,2025-05-14 09:00:00,2025-05-14 12:00:00,18,4,1,0,1,27546751
1,2,63604,30,583,198,2025-05-11 15:00:00,2025-05-11 16:00:00,0,1,1,1,0,27400058
1,0,324,24,580,143,2025-05-02 09:00:00,2025-05-02 14:00:00,0,1,3,1,1,27634815
0,2,199,40,69,225,2025-05-19 19:00:00,2025-05-19 22:00:00,98,0,2,1,1,27907605
2,2,12307,65,72,232,2025-05-12 16:00:00,2025-05-12 20:00:00,0,0,0,0,0,27711696
1,1,4,5,500,176,2025-05-15 09:00:00,2025-05-15 13:00:00,98,0,0,0,1,27865924
1,1,119,27,841,66,2025-05-07 12:00:00,2025-05-07 13:00:00,18,3,3,0,1,27429089
2,2,187,1,917,51,2025-05-14 02:00:00,2025-05-14 04:00:00,14,0,3,1,0,27723820
0,1,199,10,662,228,2025-05-02 14:00:00,2025-05-02 19:00:00,98,4,2,1,0,27845691
2,1,1,36,379,61,2025-05-17 02:00:00,2025-05-17 05:00:00,18,1,3,1,0,27777070
2,3,13056,15,631,60,2025-05-03 09:00:00,2025-05-03 10:00:00,18,4,2,0,0,27854241
1,2,63604,9,934,207,2025-05-01 01:00:00,2025-05-01 04:00:00,98,4,2,1,0,27675416
1,0,12307,20,763,63,2025-05-17 17:00:00,2025-05-17 20:00:00,14,3,2,1,1,27932752
0,3,12545,37,901,197,2025-05-04 02:00:00,2025-05-04 06:00:00,14,3,2,1,0,27847580
0,1,12956,52,898,62,2025-05-06 16:00:00,2025-05-06 20:00:00,98,0,3,1,1,27424616
0,2,12306,49,611,251,2025-05-02 13:00:00,2025-05-02 15:00:00,98,0,0,1,0,27618582
0,1,12580,19,250,228,2025-05-12 02:00:00,2025-05-12 04:00:00,18,3,3,0,1,27938176
0,2,12956,49,266,102,2025-05-08 12:00:00,2025-05-08 15:00:00,31,1,3,1,1,27410928
0,0,12956,19,931,66,2025-05-02 18:00:00,2025-05-02 22:00:00,98,3,3,0,0,27422486
0,1,1,37,242,205,2025-05-01 10:00:00,2025-05-01 11:00:00,0,4,2,1,1,27748046
2,2,63604,36,444,61,2025-05-03 08:00:00,2025-05-03 09:00:00,31,3,3,1,0,27421833
1,1,12544,5,534,162,2025-05-12 02:00:00,2025-05-12 07:00:00,18,0,3,1,0,27423230
0,1,12306,55,902,165,2025-05-10 08:00:00,2025-05-10 13:00:00,0,0,3,0,1,27818031
1,0,12308,26,382,194,2025-05-01 19:00:00,2025-05-01 22:00:00,0,4,2,1,1,27721395
0,3,13056,58,560,62,2025-05-15 01:00:00,2025-05-15 03:00:00,31,1,0,0,0,27482386
0,3,1,2,622,115,2025-05-19 08:00:00,2025-05-19 09:00:00,18,4,3,0,0,27890070
0,0,12308,4,636,60,2025-05-06 11:00:00,2025-05-06 16:00:00,31,4,2,1,1,27529304
2,2,1,9,889,225,2025-05-11 04:00:00,2025-05-11 07:00:00,31,4,1,0,1,27833784
2,1,187,36,101,176,2025-05-14 19:00:00,2025-05-15 00:00:00,31,4,2,0,0,27894880
1,3,12956,36,631,258,2025-05-09 16:00:00,2025-05-09 21:00:00,31,0,2,0,1,27943073
2,2,299,65,832,126,2025-05-18 15:00:00,2025-05-18 18:00:00,0,4,2,1,1,27807448
1,2,12307,54,622,232,2025-05-05 22:00:00,2025-05-06 02:00:00,14,0,2,0,1,27865924
0,0,12307,28,941,115,2025-05-04 03:00:00,2025-05-04 06:00:00,14,1,3,0,1,27542471
2,2,324,14,763,208,2025-05-03 21:00:00,2025-05-04 01:00:00,31,3,2,1,0,27801069
0,3,327,54,515,230,2025-05-07 14:00:00,2025-05-07 16:00:00,98,1,1,1,0,27727586
2,2,187,17,901,186,2025-05-13 07:00:00,2025-05-13 08:00:00,31,1,3,0,0,27930611
2,1,2,32,560,161,2025-05-13 14:00:00,2025-05-13 17:00:00,0,4,2,0,0,27745016
0,1,12350,42,833,209,2025-05-19 17:00:00,2025-05-19 18:00:00,0,1,1,1,0,27860171
1,0,12544,3,515,225,2025-05-07 11:00:00,2025-05-07 14:00:00,98,0,0,0,0,27679340
1,2,25,44,478,126,2025-05-14 01:00:00,2025-05-14 06:00:00,14,4,2,1,0,27823499
2,1,324,57,81,251,2025-05-16 09:00:00,2025-05-16 11:00:00,31,1,0,0,1,27420446
1,1,25,42,580,101,2025-05-06 00:00:00,2025-05-06 04:00:00,0,3,0,1,1,27508877
1,1,299,26,364,216,2025-05-09 17:00:00,2025-05-09 18:00:00,18,3,1,0,1,27821453
1,2,63604,54,127,258,2025-05-12 06:00:00,2025-05-12 08:00:00,98,3,0,0,1,27920618
2,2,324,41,916,51,2025-05-01 01:00:00,2025-05-01 05:00:00,0,3,1,0,1,27531245
0,1,12580,9,1036,143,2025-05-12 00:00:00,2025-05-12 03:00:00,31,0,1,0,1,27878036
1,2,12545,38,1058,60,2025-05-03 17:00:00,2025-05-03 20:00:00,31,4,2,0,0,27411519
0,2,13203,37,44,232,2025-05-12 23:00:00,2025-05-13 02:00:00,18,3,2,0,0,27512019
2,3,13552,52,583,229,2025-05-09 18:00:00,2025-05-09 19:00:00,98,3,3,0,1,27773933
1,3,187,15,762,162,2025-05-18 12:00:00,2025-05-18 13:00:00,18,0,0,1,0,27903715
1,1,25,32,1040,181,2025-05-18 00:00:00,2025-05-18 04:00:00,18,1,1,1,1,27394692
0,3,1,22,850,186,2025-05-02 12:00:00,2025-05-02 15:00:00,14,3,2,1,1,27812750
2,3,199,46,762,251,2025-05-12 06:00:00,2025-05-12 10:00:00,0,1,0,1,1,27429054
0,2,324,19,234,185,2025-05-03 23:00:00,2025-05-04 04:00:00,31,4,3,1,0,27777885
2,1,12308,25,1056,143,2025-05-08 22:00:00,2025-05-09 03:00:00,18,0,1,0,1,27894880
0,2,12580,15,1045,176,2025-05-15 10:00:00,2025-05-15 15:00:00,14,4,0,0,1,27693079
0,3,12307,36,887,59,2025-05-10 09:00:00,2025-05-10 11:00:00,31,0,1,0,1,27546751
0,1,12350,36,431,101,2025-05-09 04:00:00,2025-05-09 05:00:00,31,3,3,0,0,27448050
0,3,25,29,1006,165,2025-05-05 15:00:00,2025-05-05 20:00:00,31,1,1,0,0,27461841
2,0,25,54,47,232,2025-05-14 05:00:00,2025-05-14 10:00:00,0,4,0,1,1,27700742
2,2,327,38,554,160,2025-05-08 23:00:00,2025-05-09 03:00:00,0,0,0,1,1,27622347
0,1,119,55,27,225,2025-05-18 03:00:00,2025-05-18 07:00:00,31,3,0,1,0,27932752
1,2,327,34,566,167,2025-05-18 23:00:00,2025-05-19 00:00:00,18,1,0,1,0,27939340
2,1,12350,43,515,162,2025-05-02 16:00:00,2025-05-02 21:00:00,98,0,2,1,0,27542471
2,3,299,57,471,103,2025-05-04 00:00:00,2025-05-04 01:00:00,31,0,0,1,0,27515192
2,0,12544,50,611,207,2025-05-09 02:00:00,2025-05-09 06:00:00,14,3,2,0,1,27765683
0,0,12307,23,621,143,2025-05-03 10:00:00,2025-05-03 13:00:00,31,3,0,0,0,27910043
0,3,13142,65,969,62,2025-05-18 12:00:00,2025-05-18 13:00:00,18,3,2,1,0,27734599
1,1,1,3,930,60,2025-05-09 11:00:00,2025-05-09 14:00:00,31,0,2,0,0,27812750
0,0,187,63,583,203,2025-05-12 17:00:00,2025-05-12 18:00:00,0,4,1,0,0,27817381
0,3,13552,55,882,230,2025-05-07 05:00:00,2025-05-07 06:00:00,31,1,1,0,1,27422001
2,0,63604,33,52,165,2025-05-07 18:00:00,2025-05-07 21:00:00,0,0,3,0,1,27690707
1,2,186,31,995,97,2025-05-05 03:00:00,2025-05-05 06:00:00,98,1,3,0,0,27545446
0,2,12306,64,67,205,2025-05-12 18:00:00,2025-05-12 23:00:00,31,0,2,1,1,27578145
1,1,12956,25,4,169,2025-05-16 05:00:00,2025-05-16 08:00:00,98,0,2,0,0,27857024
1,3,12580,52,54,206,2025-05-18 05:00:00,2025-05-18 06:00:00,31,0,0,1,1,27791380
1,1,327,25,4,202,2025-05-11 15:00:00,2025-05-11 18:00:00,0,3,3,1,0,27755017
2,2,12308,0,922,209,2025-05-17 13:00:00,2025-05-17 18:00:00,18,3,0,0,0,27929115
1,1,119,35,29,143,2025-05-16 05:00:00,2025-05-16 09:00:00,98,4,2,0,0,27570590
0,2,25,48,1031,169,2025-05-16 18:00:00,2025-05-16 20:00:00,0,4,3,1,0,27928093
1,3,12545,32,935,65,2025-05-14 17:00:00,2025-05-14 19:00:00,98,1,0,0,1,27711696
0,2,299,16,628,103,2025-05-17 01:00:00,2025-05-17 02:00:00,0,3,3,1,1,27869010
1,2,2,43,1008,198,2025-05-12 02:00:00,2025-05-12 04:00:00,0,4,0,0,0,27894493
1,3,13056,25,941,51,2025-05-09 15:00:00,2025-05-09 20:00:00,98,0,0,0,1,27733469
2,3,12307,56,909,208,2025-05-07 11:00:00,2025-05-07 13:00:00,14,0,1,1,1,27723499
2,3,12307,37,704,97,2025-05-05 14:00:00,2025-05-05 15:00:00,31,0,2,0,1,27675799
0,2,12544,66,941,115,2025-05-01 08:00:00,2025-05-01 11:00:00,98,4,0,0,0,27629527
1,1,12306,35,907,59,2025-05-01 01:00:00,2025-05-01 03:00:00,31,0,3,1,1,27810093
1,0,12306,43,893,167,2025-05-05 21:00:00,2025-05-05 23:00:00,18,4,3,1,1,27806886
1,0,236,56,995,192,2025-05-05 02:00:00,2025-05-05 05:00:00,98,0,3,1,0,27760184
0,0,25,33,928,101,2025-05-11 18:00:00,2025-05-11 23:00:00,0,0,0,0,1,27851164
0,2,327,25,1016,209,2025-05-08 20:00:00,2025-05-09 00:00:00,98,3,1,1,1,27887645
2,3,12956,29,900,126,2025-05-12 08:00:00,2025-05-12 10:00:00,31,1,3,0,1,27578192
0,1,199,64,910,59,2025-05-12 03:00:00,2025-05-12 07:00:00,98,3,2,1,1,27943620
2,0,13056,58,81,208,2025-05-01 14:00:00,2025-05-01 16:00:00,18,4,0,1,0,27888592
2,0,12306,4,933,251,2025-05-02 21:00:00,2025-05-02 23:00:00,31,3,3,0,1,27890885
2,2,1,54,636,165,2025-05-17 00:00:00,2025-05-17 02:00:00,14,4,3,0,0,27727828
1,3,12545,33,705,208,2025-05-04 20:00:00,2025-05-05 00:00:00,14,3,1,0,1,27803886
2,1,327,33,65,258,2025-05-10 02:00:00,2025-05-10 06:00:00,98,4,2,1,1,27624444
1,2,324,36,627,258,2025-05-03 10:00:00,2025-05-03 15:00:00,18,1,2,0,1,27897998
1,0,2,44,566,202,2025-05-09 18:00:00,2025-05-09 19:00:00,14,3,3,0,1,27895935
2,3,199,47,665,160,2025-05-14 09:00:00,2025-05-14 13:00:00,14,4,3,0,0,27733657
0,0,199,1,58,143,2025-05-15 22:00:00,2025-05-16 01:00:00,98,1,2,0,0,27930459
2,1,4,14,57,258,2025-05-20 00:00:00,2025-05-20 01:00:00,14,0,2,0,1,27728741
1,3,1,15,782,209,2025-05-03 22:00:00,2025-05-04 03:00:00,31,3,3,1,0,27724930
2,1,12306,62,1036,129,2025-05-05 00:00:00,2025-05-05 02:00:00,98,3,0,0,0,27786076
2,2,4,32,534,162,2025-05-11 05:00:00,2025-05-11 10:00:00,14,3,2,0,1,27880416
1,2,186,53,516,209,2025-05-19 22:00:00,2025-05-20 02:00:00,98,4,0,0,1,27566108
0,2,199,51,44,251,2025-05-01 21:00:00,2025-05-02 00:00:00,98,0,2,0,1,27686547
2,1,199,41,1054,176,2025-05-03 08:00:00,2025-05-03 10:00:00,0,0,3,1,0,27564007
0,3,186,26,851,62,2025-05-06 12:00:00,2025-05-06 17:00:00,14,1,2,0,0,27706409
1,1,25,30,685,165,2025-05-18 17:00:00,2025-05-18 22:00:00,14,4,2,1,1,27722045
0,2,13056,33,919,145,2025-05-03 03:00:00,2025-05-03 07:00:00,0,4,2,0,1,27888678
1,2,12545,23,925,203,2025-05-03 21:00:00,2025-05-04 01:00:00,98,3,3,0,0,27881408
2,0,12956,15,561,165,2025-05-19 07:00:00,2025-05-19 09:00:00,14,1,3,1,0,27798020
0,0,299,40,763,61,2025-05-04 05:00:00,2025-05-04 06:00:00,31,1,0,0,0,27933953
2,2,12306,47,30,221,2025-05-04 12:00:00,2025-05-04 16:00:00,31,1,0,0,0,27492030
0,3,12956,4,862,205,2025-05-09 10:00:00,2025-05-09 11:00:00,0,0,3,0,1,27873270
0,3,13203,54,34,102,2025-05-10 17:00:00,2025-05-10 22:00:00,14,0,3,0,0,27817026
1,1,12350,1,63,161,2025-05-13 05:00:00,2025-05-13 09:00:00,98,0,0,0,0,27913435
0,2,235,46,900,97,2025-05-17 13:00:00,2025-05-17 14:00:00,0,1,2,0,0,27918675
0,2,119,44,832,225,2025-05-07 12:00:00,2025-05-07 13:00:00,98,4,3,0,0,27693931
1,3,119,66,907,251,2025-05-05 23:00:00,2025-05-06 01:00:00,18,0,2,0,0,27713206
2,0,13056,26,611,129,2025-05-06 14:00:00,2025-05-06 19:00:00,0,4,1,0,1,27735430
2,0,12545,63,561,129,2025-05-06 21:00:00,2025-05-06 23:00:00,14,0,0,0,0,27771630
0,3,12306,1,704,129,2025-05-06 07:00:00,2025-05-06 09:00:00,18,1,3,0,0,27929541
1,3,12306,36,56,221,2025-05-04 14:00:00,2025-05-04 17:00:00,31,3,1,1,0,27573267
2,0,235,38,1008,65,2025-05-01 10:00:00,2025-05-01 11:00:00,98,1,3,1,0,27632659
1,2,13142,53,560,206,2025-05-01 07:00:00,2025-05-01 12:00:00,0,3,1,0,1,27698926
0,0,12580,25,698,126,2025-05-09 09:00:00,2025-05-09 10:00:00,14,1,0,1,0,27675852
2,3,2,46,935,229,2025-05-03 23:00:00,2025-05-04 01:00:00,14,0,3,0,0,27909794
0,2,12308,50,1034,202,2025-05-06 20:00:00,2025-05-06 23:00:00,98,0,1,0,0,27708309
0,3,12306,33,63,208,2025-05-03 09:00:00,2025-05-03 13:00:00,31,0,2,1,0,27483421
0,0,1,17,1031,66,2025-05-19 15:00:00,2025-05-19 19:00:00,0,4,2,1,1,27692378
2,1,1,55,49,203,2025-05-19 23:00:00,2025-05-20 00:00:00,18,3,1,0,1,27792421
0,2,299,10,872,61,2025-05-04 21:00:00,2025-05-05 02:00:00,31,1,2,1,0,27845575
1,2,235,47,49,142,2025-05-01 07:00:00,2025-05-01 10:00:00,31,1,1,1,0,27427850
2,2,12307,14,52,208,2025-05-18 09:00:00,2025-05-18 12:00:00,98,1,3,0,1,27913442
1,1,12350,19,892,198,2025-05-03 20:00:00,2025-05-04 01:00:00,31,3,2,0,0,27743743
1,0,119,4,643,206,2025-05-19 22:00:00,2025-05-20 03:00:00,31,0,2,1,1,27657475
1,3,12956,40,686,216,2025-05-03 09:00:00,2025-05-03 14:00:00,18,0,1,0,0,27711349
0,2,12580,29,685,192,2025-05-07 21:00:00,2025-05-08 02:00:00,14,3,2,1,0,27848360
1,3,12544,53,57,167,2025-05-16 02:00:00,2025-05-16 07:00:00,14,0,1,0,0,27577827
1,3,63604,17,916,203,2025-05-13 18:00:00,2025-05-13 19:00:00,98,3,3,0,1,27689366
0,2,12580,38,516,225,2025-05-20 00:00:00,2025-05-20 05:00:00,18,1,2,0,0,27677826
2,1,25,15,910,62,2025-05-12 20:00:00,2025-05-13 00:00:00,31,4,1,0,0,27510008
2,3,199,10,782,229,2025-05-14 10:00:00,2025-05-14 12:00:00,14,0,3,1,1,27580700
1,0,12544,15,831,176,2025-05-16 16:00:00,2025-05-16 21:00:00,14,4,1,0,0,27935221
0,3,13142,40,705,221,2025-05-07 05:00:00,2025-05-07 07:00:00,98,4,0,0,0,27708755
0,1,12956,24,841,208,2025-05-08 19:00:00,2025-05-08 23:00:00,31,1,3,1,0,27700506
1,3,199,26,850,61,2025-05-19 13:00:00,2025-05-19 15:00:00,0,3,0,1,0,27678347
2,1,12545,54,628,251,2025-05-05 19:00:00,2025-05-05 20:00:00,98,3,1,0,1,27894493
1,3,2,47,897,225,2025-05-05 00:00:00,2025-05-05 02:00:00,98,3,2,1,1,27423003
2,3,199,14,881,206,2025-05-18 15:00:00,2025-05-18 16:00:00,0,3,1,1,1,27843518
2,3,12544,9,444,251,2025-05-04 07:00:00,2025-05-04 11:00:00,14,1,3,0,0,27932831
1,0,25,35,882,221,2025-05-03 10:00:00,2025-05-03 15:00:00,31,4,2,0,1,27685052
0,2,235,50,673,225,2025-05-18 09:00:00,2025-05-18 10:00:00,14,4,2,1,1,27817026
1,2,13056,50,851,160,2025-05-14 12:00:00,2025-05-14 15:00:00,0,1,0,1,1,27817303
2,3,12545,29,622,51,2025-05-04 20:00:00,2025-05-05 00:00:00,31,1,1,1,1,27930185
0,3,119,52,272,161,2025-05-05 22:00:00,2025-05-05 23:00:00,0,3,1,0,0,27861615
0,2,4,37,1038,209,2025-05-04 12:00:00,2025-05-04 13:00:00,14,0,0,0,1,27746393
2,3,235,42,250,209,2025-05-17 05:00:00,2025-05-17 09:00:00,98,1,1,1,0,27722706
1,0,299,37,1040,216,2025-05-13 08:00:00,2025-05-13 10:00:00,14,3,2,0,1,27722706
2,3,199,27,945,101,2025-05-19 01:00:00,2025-05-19 02:00:00,18,1,3,0,0,27620921
2,1,186,35,721,143,2025-05-14 01:00:00,2025-05-14 05:00:00,14,4,2,1,0,27530672
1,1,63604,37,799,162,2025-05-06 16:00:00,2025-05-06 20:00:00,31,3,2,0,0,27821284
0,1,13203,9,522,194,2025-05-12 05:00:00,2025-05-12 06:00:00,0,1,2,0,1,27905670
2,2,186,40,896,61,2025-05-11 02:00:00,2025-05-11 07:00:00,98,0,1,1,1,27726148
2,1,235,27,981,205,2025-05-13 06:00:00,2025-05-13 07:00:00,31,3,3,1,0,27895608
2,0,12544,63,294,197,2025-05-16 10:00:00,2025-05-16 13:00:00,31,1,0,1,1,27860958
2,2,299,29,1018,51,2025-05-06 22:00:00,2025-05-07 03:00:00,98,0,3,1,1,27865062
2,2,12544,26,705,169,2025-05-13 12:00:00,2025-05-13 13:00:00,31,0,0,0,0,27795647
2,0,12306,58,935,60,2025-05-17 12:00:00,2025-05-17 15:00:00,14,4,1,0,0,27526930
2,1,12580,2,562,198,2025-05-06 09:00:00,2025-05-06 12:00:00,14,4,2,0,0,27416283
1,0,12350,49,916,216,2025-05-04 14:00:00,2025-05-04 19:00:00,98,3,3,0,1,27387473
0,2,1,46,11,142,2025-05-11 07:00:00,2025-05-11 09:00:00,98,0,3,0,0,27852344
0,2,236,48,985,169,2025-05-03 07:00:00,2025-05-03 08:00:00,14,0,3,1,0,27821935
2,2,25,44,1054,188,2025-05-11 22:00:00,2025-05-12 01:00:00,0,0,1,0,0,27385625
2,3,12350,54,685,208,2025-05-11 19:00:00,2025-05-11 23:00:00,14,1,1,1,0,27415330
2,2,12350,44,315,209,2025-05-05 04:00:00,2025-05-05 07:00:00,18,3,1,1,1,27696673
2,0,186,20,576,194,2025-05-15 06:00:00,2025-05-15 10:00:00,0,1,3,0,0,27852344
2,3,12350,64,989,216,2025-05-18 20:00:00,2025-05-19 01:00:00,98,0,2,0,0,27816326
0,1,13203,10,912,207,2025-05-02 03:00:00,2025-05-02 05:00:00,18,3,0,1,1,27781639
1,0,2,2,910,176,2025-05-15 11:00:00,2025-05-15 15:00:00,98,4,2,1,0,27905531
2,1,13552,2,322,206,2025-05-12 02:00:00,2025-05-12 04:00:00,14,0,3,0,0,27725137
2,3,186,62,79,167,2025-05-20 00:00:00,2025-05-20 05:00:00,18,3,2,1,0,27747001
0,3,186,55,161,97,2025-05-08 18:00:00,2025-05-08 21:00:00,31,3,0,1,0,27767725
1,0,187,43,364,169,2025-05-07 03:00:00,2025-05-07 05:00:00,0,0,0,0,0,27577744
1,1,12350,42,798,167,2025-05-16 15:00:00,2025-05-16 17:00:00,18,1,2,0,0,27689146
0,3,13056,47,928,216,2025-05-18 04:00:00,2025-05-18 06:00:00,0,3,0,0,1,27908706
2,1,12306,13,242,192,2025-05-05 18:00:00,2025-05-05 21:00:00,31,0,1,1,0,27699856
2,3,1,59,916,198,2025-05-11 23:00:00,2025-05-12 03:00:00,14,3,1,1,1,27927782
2,1,12308,17,711,115,2025-05-18 06:00:00,2025-05-18 08:00:00,98,4,2,0,1,27884619
1,0,13142,51,985,258,2025-05-10 06:00:00,2025-05-10 10:00:00,14,4,2,1,1,27700812
2,2,327,42,566,59,2025-05-14 11:00:00,2025-05-14 14:00:00,18,0,2,1,1,27416488
1,1,12350,0,534,59,2025-05-17 10:00:00,2025-05-17 13:00:00,14,4,2,1,1,27704760
0,0,187,51,673,207,2025-05-14 18:00:00,2025-05-14 21:00:00,14,4,1,1,0,27823422
1,2,12306,15,242,206,2025-05-10 23:00:00,2025-05-11 04:00:00,31,3,1,0,0,27743743
1,3,12545,38,721,206,2025-05-05 00:00:00,2025-05-05 05:00:00,18,4,2,1,0,27367534
2,0,12580,46,593,198,2025-05-09 23:00:00,2025-05-10 02:00:00,14,0,1,1,0,27682167
2,1,12580,39,473,202,2025-05-02 02:00:00,2025-05-02 03:00:00,0,3,3,0,1,27657503
1,2,324,41,1049,103,2025-05-14 03:00:00,2025-05-14 06:00:00,98,4,0,0,0,27795647
2,2,25,42,903,126,2025-05-09 14:00:00,2025-05-09 16:00:00,0,3,3,0,1,27411109
2,2,13552,55,795,203,2025-05-09 02:00:00,2025-05-09 03:00:00,14,3,0,1,1,27384269
2,3,187,40,30,169,2025-05-17 02:00:00,2025-05-17 03:00:00,31,3,3,1,1,27894558
1,3,119,64,293,225,2025-05-14 01:00:00,2025-05-14 06:00:00,31,0,0,1,0,27897347
2,0,12308,39,1053,115,2025-05-18 06:00:00,2025-05-18 08:00:00,31,4,1,0,1,27416206
0,1,63604,17,149,115,2025-05-17 18:00:00,2025-05-17 19:00:00,18,4,2,1,0,27773201
1,0,25,3,522,228,2025-05-04 16:00:00,2025-05-04 20:00:00,18,1,3,0,0,27818540
0,2,12307,18,1034,160,2025-05-16 20:00:00,2025-05-16 23:00:00,14,0,3,0,0,27418336
1,1,13552,40,569,258,2025-05-18 22:00:00,2025-05-19 03:00:00,0,0,1,1,1,27907193
0,3,13203,61,1016,251,2025-05-04 06:00:00,2025-05-04 11:00:00,98,1,0,0,0,27711296
2,0,236,51,643,60,2025-05-18 03:00:00,2025-05-18 06:00:00,0,0,3,1,0,27908290
0,1,13203,51,1044,143,2025-05-06 00:00:00,2025-05-06 02:00:00,0,3,2,0,0,27515192
1,3,119,1,991,51,2025-05-15 19:00:00,2025-05-15 20:00:00,31,4,2,1,0,27543618
0,3,63604,58,478,97,2025-05-16 09:00:00,2025-05-16 11:00:00,98,0,3,0,1,27945724
0,2,2,46,242,161,2025-05-16 16:00:00,2025-05-16 19:00:00,14,1,2,1,0,27934161
1,0,235,53,850,185,2025-05-04 05:00:00,2025-05-04 06:00:00,98,1,3,1,1,27818031
0,3,1,47,799,129,2025-05-10 10:00:00,2025-05-10 12:00:00,98,3,3,1,0,27745506
2,0,12350,0,901,198,2025-05-05 00:00:00,2025-05-05 05:00:00,0,1,3,0,1,27486226
1,1,13552,17,636,198,2025-05-10 16:00:00,2025-05-10 20:00:00,98,1,1,1,0,27883867
2,2,13552,55,890,206,2025-05-08 12:00:00,2025-05-08 13:00:00,98,0,2,1,1,27771630
0,0,299,15,781,167,2025-05-01 16:00:00,2025-05-01 17:00:00,31,4,3,0,1,27903741
0,0,12307,50,996,202,2025-05-16 03:00:00,2025-05-16 05:00:00,98,1,3,1,0,27925368
2,0,63604,2,242,208,2025-05-13 15:00:00,2025-05-13 19:00:00,18,3,3,0,0,27721395
0,1,13056,49,776,176,2025-05-14 15:00:00,2025-05-14 16:00:00,0,3,1,1,1,27895294
0,1,12306,33,1040,216,2025-05-17 15:00:00,2025-05-17 17:00:00,98,1,2,0,0,27932017
1,2,63604,24,995,203,2025-05-15 06:00:00,2025-05-15 09:00:00,31,3,3,0,1,27697564
2,1,119,34,323,101,2025-05-06 01:00:00,2025-05-06 03:00:00,18,3,0,1,1,27727991
0,2,12350,52,704,142,2025-05-06 05:00:00,2025-05-06 08:00:00,18,3,1,0,1,27741075
2,2,119,35,1046,221,2025-05-16 19:00:00,2025-05-16 20:00:00,31,1,2,1,0,27748484
0,1,12545,20,385,194,2025-05-06 16:00:00,2025-05-06 21:00:00,18,0,3,0,0,27448933
0,1,13203,1,161,205,2025-05-02 00:00:00,2025-05-02 03:00:00,31,3,0,1,1,27722389
0,1,1,26,81,194,2025-05-12 18:00:00,2025-05-12 23:00:00,0,3,1,0,1,27883090
0,3,63604,38,11,197,2025-05-09 22:00:00,2025-05-09 23:00:00,18,0,0,0,0,27695057
2,0,12350,61,891,60,2025-05-15 08:00:00,2025-05-15 12:00:00,0,0,3,0,1,27794568
2,0,236,62,29,203,2025-05-07 01:00:00,2025-05-07 03:00:00,14,1,3,1,1,27677237
0,3,186,52,1040,198,2025-05-01 15:00:00,2025-05-01 19:00:00,0,0,1,1,0,27704311
2,1,12544,19,272,205,2025-05-03 21:00:00,2025-05-03 23:00:00,98,0,1,0,0,27482387
2,0,186,15,27,203,2025-05-07 01:00:00,2025-05-07 05:00:00,98,1,0,0,0,27466904
1,1,199,20,711,143,2025-05-08 05:00:00,2025-05-08 06:00:00,98,0,3,1,1,27699856
2,1,186,37,250,228,2025-05-19 21:00:00,2025-05-19 23:00:00,18,0,2,1,1,27710824
1,2,1,26,373,62,2025-05-08 00:00:00,2025-05-08 04:00:00,14,4,1,0,0,27905851
2,1,2,17,592,160,2025-05-10 07:00:00,2025-05-10 09:00:00,0,1,0,0,0,27773933
1,0,13552,30,56,103,2025-05-08 12:00:00,2025-05-08 16:00:00,31,1,2,1,1,27546105
2,0,1,41,781,225,2025-05-09 10:00:00,2025-05-09 12:00:00,14,1,2,1,0,27762750
2,2,327,13,698,65,2025-05-01 20:00:00,2025-05-02 00:00:00,14,0,2,0,0,27741766
1,2,186,35,592,161,2025-05-13 07:00:00,2025-05-13 12:00:00,31,1,1,0,1,27636126
1,2,12580,53,621,188,2025-05-17 07:00:00,2025-05-17 12:00:00,14,0,3,1,1,27777457
2,1,324,41,698,229,2025-05-07 17:00:00,2025-05-07 22:00:00,98,4,1,1,1,27416488
2,1,327,34,903,258,2025-05-13 05:00:00,2025-05-13 08:00:00,98,0,2,1,0,27427841
0,1,12544,17,562,165,2025-05-11 02:00:00,2025-05-11 05:00:00,18,0,2,0,0,27518867
2,3,235,5,965,202,2025-05-08 01:00:00,2025-05-08 03:00:00,98,4,0,1,1,27905240
0,0,199,46,1034,209,2025-05-15 05:00:00,2025-05-15 08:00:00,98,1,0,0,0,27850738
0,0,119,26,785,192,2025-05-09 07:00:00,2025-05-09 11:00:00,14,3,1,0,0,27854096
0,3,13142,55,49,65,2025-05-11 05:00:00,2025-05-11 09:00:00,98,4,3,0,0,27908573
2,1,12306,8,685,258,2025-05-03 08:00:00,2025-05-03 10:00:00,14,3,1,1,1,27768500
1,0,12544,36,98,129,2025-05-01 11:00:00,2025-05-01 15:00:00,31,4,0,1,0,27623256
0,2,25,34,895,165,2025-05-04 06:00:00,2025-05-04 08:00:00,0,4,2,1,0,27894493
0,2,12544,2,385,186,2025-05-11 15:00:00,2025-05-11 19:00:00,18,1,1,0,0,27847534
1,2,12544,66,473,129,2025-05-14 11:00:00,2025-05-14 15:00:00,0,1,2,0,1,27723826
0,3,12544,11,159,185,2025-05-15 01:00:00,2025-05-15 05:00:00,98,0,0,0,0,27538240
2,2,63604,57,233,160,2025-05-17 06:00:00,2025-05-17 08:00:00,18,1,1,1,0,27876294
2,2,235,35,1006,207,2025-05-12 23:00:00,2025-05-13 04:00:00,31,1,3,1,1,27897347
2,1,299,8,294,167,2025-05-16 17:00:00,2025-05-16 18:00:00,14,4,0,0,1,27871972
0,3,12307,66,941,145,2025-05-06 23:00:00,2025-05-07 00:00:00,31,1,2,1,1,27797947
2,1,12350,15,915,205,2025-05-05 08:00:00,2025-05-05 10:00:00,14,3,0,0,0,27905962
1,3,235,36,315,165,2025-05-12 15:00:00,2025-05-12 17:00:00,14,3,2,0,1,27430408
1,2,12580,46,159,66,2025-05-04 02:00:00,2025-05-04 03:00:00,98,0,0,0,1,27359291
1,0,1,44,49,62,2025-05-19 12:00:00,2025-05-19 13:00:00,18,3,0,1,1,27852120
1,1,12308,26,729,65,2025-05-04 16:00:00,2025-05-04 21:00:00,0,3,1,1,1,27861389
1,3,12350,32,711,161,2025-05-01 06:00:00,2025-05-01 07:00:00,31,3,2,0,0,27734020
1,1,324,30,500,167,2025-05-04 20:00:00,2025-05-04 21:00:00,14,1,3,1,0,27448052
2,0,235,66,831,188,2025-05-01 03:00:00,2025-05-01 04:00:00,31,4,3,0,0,27897405
1,2,13203,17,125,192,2025-05-04 18:00:00,2025-05-04 21:00:00,98,1,1,0,1,27430408
2,3,13056,1,795,206,2025-05-04 10:00:00,2025-05-04 14:00:00,0,1,0,0,1,27856222
1,1,12956,58,636,62,2025-05-14 16:00:00,2025-05-14 17:00:00,14,3,0,0,1,27508722
0,2,13056,44,840,103,2025-05-07 06:00:00,2025-05-07 09:00:00,98,3,3,1,0,27549608
2,1,12545,49,893,209,2025-05-13 21:00:00,2025-05-14 02:00:00,0,1,0,0,1,27859389
1,0,12350,28,698,216,2025-05-15 11:00:00,2025-05-15 16:00:00,0,0,2,0,1,27879064
0,3,12306,36,996,115,2025-05-17 01:00:00,2025-05-17 02:00:00,31,1,2,1,0,27686272
0,2,2,58,364,229,2025-05-12 19:00:00,2025-05-13 00:00:00,14,4,0,0,1,27492050
0,0,25,40,1033,197,2025-05-08 10:00:00,2025-05-08 14:00:00,98,4,2,0,0,27898159
2,1,13552,34,546,176,2025-05-19 21:00:00,2025-05-20 00:00:00,31,4,1,1,1,27746393
0,3,4,52,1059,63,2025-05-16 03:00:00,2025-05-16 05:00:00,14,0,0,1,0,27409005
0,0,324,18,721,230,2025-05-04 07:00:00,2025-05-04 10:00:00,14,4,0,0,0,27676171
0,0,324,28,785,97,2025-05-12 06:00:00,2025-05-12 09:00:00,98,0,2,0,0,27723826
2,3,2,22,562,205,2025-05-09 00:00:00,2025-05-09 03:00:00,31,4,1,1,1,27409005
2,2,324,0,323,208,2025-05-09 15:00:00,2025-05-09 19:00:00,14,4,2,0,0,27873270
2,0,327,20,930,66,2025-05-07 23:00:00,2025-05-08 02:00:00,14,0,0,1,1,27547740
1,0,13203,18,522,126,2025-05-17 12:00:00,2025-05-17 14:00:00,98,0,0,0,0,27710927
1,1,12307,8,283,169,2025-05-19 03:00:00,2025-05-19 08:00:00,18,4,0,0,0,27906922
1,0,12306,35,628,103,2025-05-05 19:00:00,2025-05-06 00:00:00,0,3,0,1,1,27852272
0,3,119,1,898,60,2025-05-01 06:00:00,2025-05-01 09:00:00,31,1,2,0,0,27569608
1,0,63604,57,953,225,2025-05-05 02:00:00,2025-05-05 07:00:00,14,1,0,1,1,27695420
1,1,12544,22,882,63,2025-05-01 05:00:00,2025-05-01 09:00:00,0,3,0,1,0,27710000
2,1,12545,35,534,59,2025-05-02 23:00:00,2025-05-03 02:00:00,31,1,0,1,1,27771682
2,3,186,42,872,203,2025-05-10 13:00:00,2025-05-10 18:00:00,18,1,2,0,0,27739592
1,3,327,23,324,160,2025-05-08 17:00:00,2025-05-08 22:00:00,0,4,3,1,1,27693952
1,1,63604,10,903,51,2025-05-18 23:00:00,2025-05-19 04:00:00,31,1,3,0,1,27686777
2,2,299,15,872,102,2025-05-05 21:00:00,2025-05-05 22:00:00,31,4,3,1,1,27394692
2,2,12545,62,877,161,2025-05-09 20:00:00,2025-05-09 22:00:00,18,0,0,1,0,27932752
0,3,25,29,898,202,2025-05-02 01:00:00,2025-05-02 06:00:00,18,3,0,0,1,27778848
2,0,186,5,729,232,2025-05-10 18:00:00,2025-05-10 21:00:00,14,4,1,1,0,27716118
1,3,13142,59,473,230,2025-05-13 02:00:00,2025-05-13 05:00:00,0,3,0,0,0,27686415
1,1,236,32,799,185,2025-05-09 14:00:00,2025-05-09 17:00:00,18,3,0,0,0,27681804
0,1,12956,36,4,232,2025-05-11 18:00:00,2025-05-11 21:00:00,0,4,3,1,1,27867394
0,1,12306,33,919,181,2025-05-19 17:00:00,2025-05-19 20:00:00,14,4,1,0,0,27858732
0,1,13056,24,977,103,2025-05-17 21:00:00,2025-05-17 22:00:00,18,4,1,1,0,27812257
2,0,324,46,898,202,2025-05-19 08:00:00,2025-05-19 12:00:00,14,0,0,1,0,27783056
2,2,4,48,712,62,2025-05-10 20:00:00,2025-05-11 00:00:00,0,1,3,0,0,27852938
1,0,199,37,662,102,2025-05-15 16:00:00,2025-05-15 21:00:00,0,0,2,1,1,27635276
1,1,4,49,364,59,2025-05-10 20:00:00,2025-05-11 00:00:00,0,4,1,1,1,27693079
0,1,2,22,900,176,2025-05-18 03:00:00,2025-05-18 07:00:00,31,0,1,0,0,27611148
1,2,187,50,871,115,2025-05-19 07:00:00,2025-05-19 09:00:00,31,4,0,1,1,27881012
0,3,199,16,919,194,2025-05-01 22:00:00,2025-05-02 00:00:00,14,0,2,1,1,27590152
2,1,12545,38,592,202,2025-05-13 02:00:00,2025-05-13 05:00:00,18,1,0,0,0,27791943
2,0,12580,57,406,251,2025-05-11 10:00:00,2025-05-11 13:00:00,98,4,2,1,1,27743883
2,3,12580,18,989,192,2025-05-04 17:00:00,2025-05-04 19:00:00,0,1,3,1,1,27747868
0,2,119,63,910,198,2025-05-05 05:00:00,2025-05-05 07:00:00,0,4,0,0,0,27622552
2,2,63604,56,27,115,2025-05-12 10:00:00,2025-05-12 11:00:00,14,3,3,1,1,27415775
0,0,13552,13,889,143,2025-05-19 02:00:00,2025-05-19 04:00:00,31,3,2,0,0,27665557
2,3,13142,52,902,185,2025-05-14 22:00:00,2025-05-15 02:00:00,0,4,3,0,1,27936471
0,1,1,51,890,185,2025-05-03 14:00:00,2025-05-03 15:00:00,31,0,3,1,1,27859771
0,2,324,17,364,230,2025-05-15 05:00:00,2025-05-15 06:00:00,31,0,0,1,1,27664604
0,3,119,41,901,203,2025-05-11 07:00:00,2025-05-11 08:00:00,0,1,2,1,0,27632664
1,2,236,10,379,63,2025-05-19 09:00:00,2025-05-19 11:00:00,14,3,2,1,0,27784441
0,3,199,61,877,169,2025-05-15 13:00:00,2025-05-15 16:00:00,18,0,1,0,1,27848693
2,3,12580,43,791,186,2025-05-05 10:00:00,2025-05-05 15:00:00,98,4,2,0,0,27938117
0,1,12580,25,850,208,2025-05-08 21:00:00,2025-05-08 23:00:00,31,3,2,0,1,27893041
0,3,236,3,69,65,2025-05-10 05:00:00,2025-05-10 09:00:00,18,1,1,0,0,27888272
1,3,12544,34,56,207,2025-05-12 16:00:00,2025-05-12 20:00:00,0,4,0,1,0,27778848
0,3,199,3,382,59,2025-05-18 12:00:00,2025-05-18 17:00:00,18,0,1,0,1,27915805
0,1,299,46,889,165,2025-05-12 06:00:00,2025-05-12 10:00:00,14,4,2,0,1,27890022
0,2,235,24,511,61,2025-05-11 22:00:00,2025-05-12 01:00:00,98,0,0,0,0,27821329
2,2,12350,65,201,232,2025-05-08 00:00:00,2025-05-08 01:00:00,18,3,2,1,1,27918779
2,0,187,16,795,192,2025-05-05 09:00:00,2025-05-05 11:00:00,31,4,3,0,0,27448559
2,1,13142,8,21,225,2025-05-10 08:00:00,2025-05-10 12:00:00,14,0,3,1,0,27921332
0,1,4,33,406,103,2025-05-10 15:00:00,2025-05-10 17:00:00,0,4,0,1,0,27742743
1,3,299,17,1058,162,2025-05-09 07:00:00,2025-05-09 11:00:00,0,1,2,1,1,27410822
0,2,327,52,159,62,2025-05-15 00:00:00,2025-05-15 02:00:00,14,0,2,0,1,27856294
0,0,299,48,877,208,2025-05-10 12:00:00,2025-05-10 14:00:00,18,4,0,0,1,27777734
0,3,1,50,934,229,2025-05-14 00:00:00,2025-05-14 02:00:00,18,1,3,1,0,27773201
1,2,25,20,1018,66,2025-05-08 05:00:00,2025-05-08 07:00:00,31,4,2,0,1,27711587
1,0,63604,43,562,143,2025-05-09 19:00:00,2025-05-09 21:00:00,31,0,2,1,0,27904852
0,2,327,29,29,208,2025-05-13 15:00:00,2025-05-13 20:00:00,98,4,2,1,1,27711296
1,1,12306,10,851,97,2025-05-18 08:00:00,2025-05-18 12:00:00,98,1,1,1,0,27680439
0,0,25,0,561,167,2025-05-10 11:00:00,2025-05-10 13:00:00,18,3,1,0,1,27524376
2,3,12307,1,673,63,2025-05-02 18:00:00,2025-05-02 20:00:00,18,1,1,1,0,27858096
2,0,12350,51,323,143,2025-05-13 08:00:00,2025-05-13 12:00:00,31,4,0,0,1,27427841
0,0,12544,1,831,202,2025-05-01 11:00:00,2025-05-01 13:00:00,98,1,1,0,1,27860238
1,2,13203,1,592,209,2025-05-07 15:00:00,2025-05-07 16:00:00,31,0,2,0,0,27710000
0,3,13056,52,431,206,2025-05-10 11:00:00,2025-05-10 13:00:00,98,1,2,1,0,27871915
2,3,12544,19,593,101,2025-05-11 11:00:00,2025-05-11 15:00:00,98,1,1,1,0,27903715
0,1,12956,16,444,97,2025-05-11 20:00:00,2025-05-11 23:00:00,18,3,3,1,1,27905956
1,1,25,31,894,216,2025-05-19 05:00:00,2025-05-19 08:00:00,98,1,0,1,1,27427850
0,2,187,28,916,162,2025-05-08 13:00:00,2025-05-08 16:00:00,31,0,0,0,0,27871176
2,2,63604,1,323,186,2025-05-08 14:00:00,2025-05-08 19:00:00,18,4,0,0,0,27918132
1,1,12308,36,643,206,2025-05-02 06:00:00,2025-05-02 09:00:00,14,3,0,1,1,27730065
2,1,199,5,896,229,2025-05-16 02:00:00,2025-05-16 07:00:00,98,0,1,0,1,27829226
2,0,63604,66,985,192,2025-05-04 01:00:00,2025-05-04 06:00:00,31,4,0,1,0,27846545
1,1,327,65,180,208,2025-05-12 13:00:00,2025-05-12 14:00:00,31,0,3,1,1,27572132
2,3,12350,29,928,209,2025-05-16 00:00:00,2025-05-16 01:00:00,14,4,2,1,0,27824886
1,1,63604,55,294,203,2025-05-02 22:00:00,2025-05-02 23:00:00,0,3,2,1,1,27727991
0,3,187,0,673,203,2025-05-10 08:00:00,2025-05-10 12:00:00,18,1,1,0,0,27754733
2,0,13552,35,888,198,2025-05-11 14:00:00,2025-05-11 15:00:00,14,1,0,1,0,27749118
0,0,1,35,912,205,2025-05-19 06:00:00,2025-05-19 10:00:00,0,0,0,1,0,27566105
0,1,327,54,381,59,2025-05-18 00:00:00,2025-05-18 05:00:00,14,4,0,0,1,27546751
1,0,63604,11,1058,97,2025-05-06 09:00:00,2025-05-06 10:00:00,0,1,0,1,1,27908779
1,2,12956,40,250,59,2025-05-11 00:00:00,2025-05-11 05:00:00,0,1,3,1,1,27871915
1,0,13203,38,576,194,2025-05-13 03:00:00,2025-05-13 08:00:00,98,1,3,0,0,27873891
2,1,12544,44,894,142,2025-05-01 20:00:00,2025-05-02 01:00:00,31,0,1,1,1,27883490
2,2,2,55,337,176,2025-05-03 02:00:00,2025-05-03 06:00:00,98,0,1,0,0,27945524
1,0,299,20,233,251,2025-05-14 20:00:00,2025-05-14 23:00:00,31,3,3,0,1,27656179
2,3,13056,40,566,66,2025-05-06 13:00:00,2025-05-06 15:00:00,14,4,0,1,0,27936377
1,1,13552,64,1018,129,2025-05-05 04:00:00,2025-05-05 05:00:00,31,4,2,0,1,27430408
0,0,12308,5,785,194,2025-05-13 19:00:00,2025-05-13 20:00:00,31,1,3,0,1,27777734
2,2,1,10,832,206,2025-05-08 07:00:00,2025-05-08 08:00:00,31,3,1,1,1,27860075
2,0,235,16,471,209,2025-05-20 00:00:00,2025-05-20 03:00:00,98,3,2,1,0,27420998
0,0,63604,66,763,60,2025-05-17 08:00:00,2025-05-17 11:00:00,14,1,2,0,0,27787396
2,2,63604,14,971,63,2025-05-11 13:00:00,2025-05-11 17:00:00,31,1,2,1,0,27786382
1,1,12306,19,705,205,2025-05-15 07:00:00,2025-05-15 08:00:00,0,4,1,1,1,27843518
0,3,63604,53,831,65,2025-05-08 09:00:00,2025-05-08 14:00:00,14,3,3,0,1,27699856
1,2,13056,4,545,101,2025-05-19 07:00:00,2025-05-19 08:00:00,31,1,0,0,0,27784441
0,3,12545,17,324,167,2025-05-09 01:00:00,2025-05-09 04:00:00,0,0,1,1,0,27943620
1,1,12307,50,891,97,2025-05-13 18:00:00,2025-05-13 22:00:00,18,1,1,1,0,27932676
0,2,13552,10,851,161,2025-05-15 12:00:00,2025-05-15 15:00:00,0,4,1,1,1,27726392
2,0,12350,14,930,142,2025-05-10 03:00:00,2025-05-10 06:00:00,0,0,3,1,1,27693473
0,1,327,55,580,230,2025-05-12 02:00:00,2025-05-12 03:00:00,18,1,3,0,1,27889049
1,2,324,42,406,209,2025-05-05 00:00:00,2025-05-05 02:00:00,0,0,3,1,0,27361812
1,1,1,59,337,209,2025-05-18 01:00:00,2025-05-18 05:00:00,18,0,1,0,0,27463860
0,1,187,2,799,65,2025-05-16 02:00:00,2025-05-16 05:00:00,18,3,3,1,0,27810093
1,2,12956,13,798,97,2025-05-07 06:00:00,2025-05-07 11:00:00,18,4,2,0,0,27865238
2,0,186,42,721,198,2025-05-10 16:00:00,2025-05-10 17:00:00,31,3,3,1,0,27705903
1,3,25,34,611,176,2025-05-01 11:00:00,2025-05-01 13:00:00,31,3,3,1,0,27764019
2,1,63604,39,583,101,2025-05-12 02:00:00,2025-05-12 07:00:00,98,1,0,1,0,27705903
2,0,12350,29,871,198,2025-05-17 06:00:00,2025-05-17 09:00:00,14,0,2,1,1,27835928
0,2,199,10,871,63,2025-05-10 22:00:00,2025-05-10 23:00:00,31,3,1,0,1,27794968
0,1,327,5,991,258,2025-05-06 16:00:00,2025-05-06 18:00:00,31,0,0,0,1,27689366
2,1,13552,33,929,197,2025-05-08 12:00:00,2025-05-08 16:00:00,0,1,3,1,0,27384269
2,2,2,28,293,176,2025-05-10 21:00:00,2025-05-10 23:00:00,98,1,1,1,1,27573640
0,2,12544,51,1048,230,2025-05-06 12:00:00,2025-05-06 16:00:00,98,0,3,1,0,27861389
2,1,13142,25,162,202,2025-05-04 12:00:00,2025-05-04 15:00:00,18,3,3,1,1,27894249
1,2,12544,29,900,203,2025-05-06 18:00:00,2025-05-06 22:00:00,14,3,3,1,0,27903741
0,2,12350,14,30,209,2025-05-19 07:00:00,2025-05-19 12:00:00,18,3,2,0,1,27885412
2,0,2,17,242,258,2025-05-17 16:00:00,2025-05-17 19:00:00,98,0,2,1,0,27391760
1,2,324,20,899,202,2025-05-02 13:00:00,2025-05-02 14:00:00,0,1,0,0,0,27665557
1,2,12307,43,1033,66,2025-05-11 13:00:00,2025-05-11 14:00:00,31,1,3,1,0,27757579
2,1,13142,40,705,61,2025-05-13 17:00:00,2025-05-13 22:00:00,0,0,2,1,0,27916156
2,1,13056,49,662,185,2025-05-10 23:00:00,2025-05-11 02:00:00,98,3,3,1,0,27609179
2,3,25,61,534,202,2025-05-08 16:00:00,2025-05-08 18:00:00,18,3,1,0,0,27848922
0,2,12306,28,27,51,2025-05-17 21:00:00,2025-05-17 22:00:00,14,4,1,1,1,27618396
0,0,1,19,783,97,2025-05-17 05:00:00,2025-05-17 06:00:00,98,3,0,1,0,27868859
0,3,13203,14,98,60,2025-05-11 16:00:00,2025-05-11 17:00:00,18,0,0,1,1,27756284
1,3,327,28,54,205,2025-05-06 23:00:00,2025-05-07 01:00:00,14,3,2,0,1,27945202
2,1,1,60,233,208,2025-05-05 02:00:00,2025-05-05 06:00:00,14,1,3,1,1,27482387
0,2,1,38,928,63,2025-05-15 18:00:00,2025-05-15 21:00:00,14,4,0,1,1,27681123
1,0,2,13,1052,63,2025-05-14 13:00:00,2025-05-14 15:00:00,18,1,0,1,0,27639076
1,3,299,17,886,258,2025-05-03 19:00:00,2025-05-03 23:00:00,0,3,3,0,1,27916892
1,3,12956,66,916,169,2025-05-10 07:00:00,2025-05-10 10:00:00,31,3,0,1,1,27920618
0,3,13056,35,1018,181,2025-05-09 17:00:00,2025-05-09 20:00:00,98,1,1,1,1,27777457
0,1,2,34,840,160,2025-05-12 11:00:00,2025-05-12 16:00:00,98,1,2,0,1,27543618
1,0,12306,44,707,60,2025-05-06 16:00:00,2025-05-06 20:00:00,18,3,1,0,0,27812930
1,1,12545,47,776,188,2025-05-03 22:00:00,2025-05-04 03:00:00,0,0,1,0,0,27750840
2,2,12307,5,928,228,2025-05-12 11:00:00,2025-05-12 12:00:00,0,3,1,0,1,27577905
0,0,2,24,636,203,2025-05-03 16:00:00,2025-05-03 20:00:00,98,0,2,1,0,27887971
2,0,186,11,592,188,2025-05-07 16:00:00,2025-05-07 19:00:00,31,0,0,0,1,27782494
0,0,2,63,29,205,2025-05-06 19:00:00,2025-05-06 22:00:00,14,0,1,0,1,27917457
1,1,12308,2,611,62,2025-05-17 03:00:00,2025-05-17 06:00:00,98,3,1,1,1,27722128
0,1,12580,48,1044,169,2025-05-07 04:00:00,2025-05-07 08:00:00,18,3,3,0,0,27800049
2,3,13142,23,917,194,2025-05-18 04:00:00,2025-05-18 09:00:00,31,3,1,0,1,27530731
1,2,199,8,54,161,2025-05-18 12:00:00,2025-05-18 17:00:00,18,3,0,1,1,27860238
2,3,186,52,707,142,2025-05-05 02:00:00,2025-05-05 03:00:00,18,0,3,1,0,27424616
0,2,324,26,1038,209,2025-05-14 08:00:00,2025-05-14 11:00:00,18,1,2,1,0,27768583
0,3,299,24,294,59,2025-05-01 14:00:00,2025-05-01 15:00:00,0,0,3,1,1,27907605
0,1,119,23,729,221,2025-05-15 15:00:00,2025-05-15 19:00:00,14,0,1,0,0,27546847
2,0,236,55,851,161,2025-05-13 11:00:00,2025-05-13 16:00:00,14,3,1,0,0,27907605
2,0,187,24,611,181,2025-05-06 18:00:00,2025-05-06 19:00:00,0,0,0,0,1,27568881
0,2,12350,24,904,143,2025-05-18 12:00:00,2025-05-18 15:00:00,31,0,3,0,1,27810318
2,0,12544,35,379,169,2025-05-02 12:00:00,2025-05-02 16:00:00,98,3,1,0,0,27686535
2,0,327,60,909,188,2025-05-15 12:00:00,2025-05-15 13:00:00,0,3,3,1,1,27894867
2,1,236,56,1040,63,2025-05-02 19:00:00,2025-05-03 00:00:00,98,1,1,1,0,27399283
0,0,13552,29,996,207,2025-05-07 13:00:00,2025-05-07 16:00:00,0,1,3,0,0,27743743
1,0,13203,59,781,229,2025-05-12 04:00:00,2025-05-12 06:00:00,98,1,1,0,1,27787336
0,3,12350,62,783,59,2025-05-09 04:00:00,2025-05-09 08:00:00,0,0,2,0,1,27530726
1,3,63604,23,244,115,2025-05-19 18:00:00,2025-05-19 22:00:00,98,3,1,1,0,27865062
2,3,12350,15,34,59,2025-05-06 15:00:00,2025-05-06 17:00:00,18,0,1,1,0,27699856
1,0,199,66,54,97,2025-05-17 01:00:00,2025-05-17 05:00:00,98,1,3,1,0,27720259
2,3,324,53,887,167,2025-05-05 20:00:00,2025-05-05 21:00:00,18,4,2,1,1,27720065
2,2,12580,46,918,169,2025-05-17 07:00:00,2025-05-17 12:00:00,31,0,0,1,0,27912107
1,3,187,27,657,209,2025-05-07 08:00:00,2025-05-07 11:00:00,98,0,3,0,0,27727586
2,3,2,4,957,225,2025-05-18 07:00:00,2025-05-18 12:00:00,0,3,2,0,0,27605393
2,2,13142,17,383,102,2025-05-16 05:00:00,2025-05-16 09:00:00,98,4,2,1,0,27415559
2,1,187,56,838,176,2025-05-17 14:00:00,2025-05-17 15:00:00,31,0,3,1,1,27888592
2,1,25,41,989,229,2025-05-15 09:00:00,2025-05-15 14:00:00,31,1,1,0,1,27415775
2,3,12545,26,63,51,2025-05-13 19:00:00,2025-05-13 21:00:00,98,1,3,0,1,27695057
1,3,4,57,643,221,2025-05-18 15:00:00,2025-05-18 20:00:00,98,3,3,0,0,27860075
0,1,12306,31,332,142,2025-05-08 14:00:00,2025-05-08 16:00:00,98,4,0,1,1,27426887
1,0,12580,55,4,225,2025-05-05 04:00:00,2025-05-05 06:00:00,98,0,0,1,0,27728741
2,2,119,59,699,97,2025-05-05 02:00:00,2025-05-05 04:00:00,18,0,1,1,0,27545904
2,1,299,38,623,97,2025-05-02 06:00:00,2025-05-02 09:00:00,31,0,3,1,1,27853681
2,2,119,64,30,59,2025-05-18 03:00:00,2025-05-18 04:00:00,0,1,3,0,1,27677526
1,1,327,64,44,59,2025-05-17 10:00:00,2025-05-17 14:00:00,98,4,3,1,1,27940908
1,0,327,66,516,145,2025-05-17 15:00:00,2025-05-17 20:00:00,0,4,0,1,1,27673332
0,1,119,58,903,97,2025-05-04 15:00:00,2025-05-04 16:00:00,31,0,3,0,1,27891494
2,1,299,29,888,61,2025-05-01 00:00:00,2025-05-01 02:00:00,18,1,3,0,0,27428737
0,2,13203,34,1045,66,2025-05-07 00:00:00,2025-05-07 02:00:00,0,4,1,0,1,27651075
0,3,4,5,1040,207,2025-05-10 14:00:00,2025-05-10 17:00:00,98,4,3,0,0,27936471
2,0,63604,56,379,209,2025-05-02 14:00:00,2025-05-02 18:00:00,0,4,1,1,0,27593975
1,2,12308,16,890,208,2025-05-17 10:00:00,2025-05-17 14:00:00,98,0,0,0,1,27416488
0,1,299,11,1033,208,2025-05-10 15:00:00,2025-05-10 16:00:00,31,4,2,0,0,27771630
0,2,12307,33,324,162,2025-05-10 21:00:00,2025-05-11 00:00:00,31,4,3,0,1,27492050
0,0,25,26,1036,205,2025-05-16 05:00:00,2025-05-16 06:00:00,14,3,0,0,0,27775542
0,1,119,14,785,258,2025-05-12 14:00:00,2025-05-12 18:00:00,14,4,0,1,1,27929541
2,2,236,63,945,51,2025-05-05 19:00:00,2025-05-05 21:00:00,14,4,3,1,1,27886458
0,3,12350,17,101,167,2025-05-06 13:00:00,2025-05-06 14:00:00,14,0,0,1,1,27811622
1,0,235,9,925,62,2025-05-17 16:00:00,2025-05-17 19:00:00,98,4,2,1,0,27924858
1,2,12350,54,643,167,2025-05-19 18:00:00,2025-05-19 20:00:00,31,1,2,1,0,27929115
2,0,12350,8,1036,198,2025-05-07 17:00:00,2025-05-07 22:00:00,18,1,2,1,1,27415621
1,2,12545,47,917,205,2025-05-14 22:00:00,2025-05-15 02:00:00,31,0,3,0,1,27880927
0,0,13552,38,54,160,2025-05-04 16:00:00,2025-05-04 20:00:00,98,4,2,0,0,27738356
0,2,199,40,27,51,2025-05-02 09:00:00,2025-05-02 12:00:00,98,1,1,0,1,27727991
0,2,12545,47,643,142,2025-05-09 20:00:00,2025-05-09 21:00:00,98,4,0,0,0,27363509
1,0,299,64,272,188,2025-05-16 23:00:00,2025-05-17 02:00:00,18,1,3,0,1,27762295
0,0,1,59,473,186,2025-05-02 16:00:00,2025-05-02 19:00:00,18,3,2,0,0,27752291
1,2,199,36,1044,115,2025-05-03 18:00:00,2025-05-03 23:00:00,14,0,1,0,0,27899713
0,1,2,52,1050,258,2025-05-14 07:00:00,2025-05-14 12:00:00,14,0,2,1,0,27426603
0,3,2,15,1040,225,2025-05-16 08:00:00,2025-05-16 09:00:00,31,0,2,1,1,27795703
2,1,1,66,845,216,2025-05-16 08:00:00,2025-05-16 12:00:00,31,1,0,0,0,27727854
0,2,299,39,762,192,2025-05-19 11:00:00,2025-05-19 15:00:00,18,1,3,1,1,27867554
0,3,186,40,899,206,2025-05-07 12:00:00,2025-05-07 17:00:00,98,1,1,1,0,27783351
0,0,1,13,977,61,2025-05-05 05:00:00,2025-05-05 06:00:00,31,3,0,1,1,27417117
2,3,12544,58,592,162,2025-05-12 00:00:00,2025-05-12 05:00:00,18,0,3,0,0,27747001
0,2,2,37,4,129,2025-05-16 12:00:00,2025-05-16 14:00:00,0,1,3,1,0,27678023
1,3,324,33,30,65,2025-05-19 20:00:00,2025-05-19 22:00:00,98,1,0,0,1,27932017
0,1,12350,48,698,186,2025-05-12 02:00:00,2025-05-12 06:00:00,98,4,0,0,1,27822460
2,2,13142,43,201,143,2025-05-15 02:00:00,2025-05-15 07:00:00,0,3,0,0,0,27855019
0,0,1,66,941,194,2025-05-12 22:00:00,2025-05-13 03:00:00,18,3,0,0,1,27805011
1,2,12307,20,699,167,2025-05-09 12:00:00,2025-05-09 14:00:00,31,4,0,1,0,27873372
1,2,187,46,888,198,2025-05-19 15:00:00,2025-05-19 20:00:00,0,3,1,0,0,27623853
0,3,12306,52,379,197,2025-05-12 14:00:00,2025-05-12 16:00:00,0,3,3,0,1,27591733
2,1,299,32,899,194,2025-05-05 07:00:00,2025-05-05 11:00:00,0,1,0,1,1,27574585
1,3,12956,44,872,181,2025-05-08 05:00:00,2025-05-08 07:00:00,31,1,0,1,0,27558109
2,1,187,53,337,216,2025-05-06 23:00:00,2025-05-07 01:00:00,0,0,3,1,1,27611659
2,3,119,48,763,205,2025-05-02 03:00:00,2025-05-02 06:00:00,0,3,3,0,0,27945724
0,3,25,53,851,162,2025-05-13 15:00:00,2025-05-13 18:00:00,0,1,3,0,1,27424369
2,0,25,10,1033,165,2025-05-16 07:00:00,2025-05-16 12:00:00,18,0,0,1,0,27853624
0,3,235,44,934,228,2025-05-12 18:00:00,2025-05-12 21:00:00,14,0,3,0,1,27927594
2,0,12308,18,79,228,2025-05-19 18:00:00,2025-05-19 23:00:00,0,4,0,0,1,27938117
1,1,2,2,665,194,2025-05-10 05:00:00,2025-05-10 10:00:00,98,1,3,1,1,27791943
2,1,13142,8,945,251,2025-05-16 13:00:00,2025-05-16 18:00:00,98,0,1,1,1,27802735
0,2,13056,27,910,181,2025-05-11 18:00:00,2025-05-11 19:00:00,31,1,1,1,1,27415775
0,2,12350,43,125,59,2025-05-13 07:00:00,2025-05-13 11:00:00,98,1,2,1,0,27903421
2,0,1,38,981,186,2025-05-16 16:00:00,2025-05-16 19:00:00,14,3,2,1,1,27427841
2,2,12545,59,1058,209,2025-05-19 11:00:00,2025-05-19 16:00:00,98,1,1,0,1,27510430
0,1,236,54,1046,103,2025-05-17 14:00:00,2025-05-17 16:00:00,14,4,1,0,0,27741912
1,1,13203,37,892,194,2025-05-01 19:00:00,2025-05-01 22:00:00,98,3,0,1,0,27938009
1,1,12350,65,515,126,2025-05-05 18:00:00,2025-05-05 19:00:00,18,3,2,1,1,27546751
0,0,186,48,929,209,2025-05-01 23:00:00,2025-05-02 04:00:00,14,4,0,1,1,27827476
1,0,12307,50,1046,192,2025-05-06 14:00:00,2025-05-06 19:00:00,18,1,3,1,1,27773201
1,3,299,9,162,194,2025-05-06 02:00:00,2025-05-06 03:00:00,98,3,1,1,1,27700566
2,3,12580,31,546,97,2025-05-07 23:00:00,2025-05-08 00:00:00,98,1,2,1,0,27542635
2,0,13552,53,67,185,2025-05-15 01:00:00,2025-05-15 04:00:00,0,1,0,0,0,27678028
0,1,327,50,928,61,2025-05-09 13:00:00,2025-05-09 18:00:00,98,3,2,0,0,27488419
2,0,12307,19,126,208,2025-05-13 22:00:00,2025-05-14 01:00:00,14,4,1,0,0,27918132
0,3,235,23,561,232,2025-05-01 14:00:00,2025-05-01 15:00:00,98,4,0,1,1,27791943
0,3,119,49,657,229,2025-05-07 20:00:00,2025-05-08 01:00:00,98,4,0,1,0,27711349
0,3,327,10,560,176,2025-05-05 02:00:00,2025-05-05 06:00:00,0,1,3,1,0,27871176
0,2,235,8,55,202,2025-05-12 09:00:00,2025-05-12 12:00:00,14,4,3,1,1,27709230
0,0,1,31,593,161,2025-05-16 11:00:00,2025-05-16 12:00:00,31,0,3,0,1,27421222
2,3,13056,35,916,232,2025-05-16 12:00:00,2025-05-16 14:00:00,31,1,3,1,0,27860730
1,0,187,42,444,169,2025-05-10 01:00:00,2025-05-10 02:00:00,31,0,0,1,0,27799583
2,1,327,57,636,185,2025-05-14 05:00:00,2025-05-14 10:00:00,98,0,3,0,0,27801626
0,0,199,3,385,203,2025-05-07 06:00:00,2025-05-07 10:00:00,18,0,2,0,1,27913282
1,2,12956,32,841,188,2025-05-16 07:00:00,2025-05-16 10:00:00,14,4,3,1,0,27586414
1,2,12350,19,657,143,2025-05-06 17:00:00,2025-05-06 18:00:00,98,4,0,1,0,27827476
1,0,13552,16,233,102,2025-05-01 13:00:00,2025-05-01 14:00:00,31,0,0,1,1,27746393
2,2,13203,19,101,59,2025-05-08 20:00:00,2025-05-09 00:00:00,31,3,0,1,1,27912866
0,1,235,47,897,202,2025-05-10 08:00:00,2025-05-10 13:00:00,0,1,1,0,0,27930268
2,2,119,46,63,126,2025-05-18 01:00:00,2025-05-18 04:00:00,31,4,2,0,1,27452034
2,1,12350,51,1018,103,2025-05-01 22:00:00,2025-05-02 01:00:00,98,4,1,1,1,27430709
1,2,324,3,995,229,2025-05-06 03:00:00,2025-05-06 08:00:00,18,3,3,1,0,27919348
2,0,324,58,30,66,2025-05-07 03:00:00,2025-05-07 05:00:00,18,4,2,0,0,27416081
1,0,25,52,515,229,2025-05-09 10:00:00,2025-05-09 12:00:00,98,1,2,1,0,27848693
0,3,12307,26,272,165,2025-05-15 16:00:00,2025-05-15 19:00:00,18,1,3,1,0,27890823
0,1,2,59,515,209,2025-05-02 01:00:00,2025-05-02 02:00:00,98,4,2,1,0,27754441
1,0,2,53,783,101,2025-05-12 20:00:00,2025-05-12 23:00:00,14,1,0,1,1,27629779
2,2,13552,53,985,97,2025-05-04 15:00:00,2025-05-04 16:00:00,0,3,1,0,1,27422561
2,2,12350,47,643,101,2025-05-06 19:00:00,2025-05-07 00:00:00,31,1,3,1,0,27687821
2,1,324,55,900,102,2025-05-18 05:00:00,2025-05-18 08:00:00,0,1,3,0,0,27608444
2,0,1,55,127,162,2025-05-16 02:00:00,2025-05-16 05:00:00,14,0,1,1,0,27815309
2,2,12306,24,904,181,2025-05-11 20:00:00,2025-05-12 01:00:00,0,1,0,1,0,27784441
0,0,13203,8,783,209,2025-05-04 19:00:00,2025-05-04 21:00:00,18,3,3,1,1,27869010
2,2,13203,39,593,167,2025-05-19 13:00:00,2025-05-19 18:00:00,18,1,0,0,0,27432341
1,0,25,9,885,202,2025-05-03 10:00:00,2025-05-03 11:00:00,0,4,2,1,1,27862607
0,3,13203,25,516,205,2025-05-04 06:00:00,2025-05-04 10:00:00,31,3,1,0,1,27651279
1,0,12956,64,897,207,2025-05-03 12:00:00,2025-05-03 16:00:00,98,0,1,1,0,27749703
1,3,63604,64,891,203,2025-05-15 01:00:00,2025-05-15 06:00:00,18,1,0,1,1,27937325
0,1,12544,46,704,51,2025-05-08 01:00:00,2025-05-08 03:00:00,14,3,3,1,1,27418341
2,3,187,35,935,59,2025-05-10 22:00:00,2025-05-11 03:00:00,18,0,3,1,0,27821453
2,1,13142,43,130,209,2025-05-10 14:00:00,2025-05-10 16:00:00,0,4,1,1,0,27930185
0,2,63604,23,910,209,2025-05-06 10:00:00,2025-05-06 12:00:00,18,1,1,1,1,27894867
2,0,12545,22,796,66,2025-05-09 00:00:00,2025-05-09 04:00:00,14,0,2,1,1,27741912
2,2,299,4,895,145,2025-05-16 19:00:00,2025-05-16 23:00:00,0,3,1,1,1,27473572
1,0,187,61,511,63,2025-05-17 09:00:00,2025-05-17 10:00:00,31,4,0,1,1,27837575
1,2,13142,41,941,65,2025-05-05 23:00:00,2025-05-06 04:00:00,31,0,2,0,1,27821427
1,3,236,65,294,59,2025-05-13 02:00:00,2025-05-13 04:00:00,0,3,0,0,0,27711296
2,1,324,43,916,59,2025-05-05 13:00:00,2025-05-05 15:00:00,0,4,0,1,1,27775224
0,2,186,28,281,197,2025-05-16 06:00:00,2025-05-16 10:00:00,18,3,2,1,0,27783351
2,1,13552,0,57,60,2025-05-03 17:00:00,2025-05-03 19:00:00,14,4,2,1,0,27725324
1,2,12350,46,316,97,2025-05-17 17:00:00,2025-05-17 18:00:00,0,4,1,0,1,27707116
0,3,12308,20,989,216,2025-05-05 18:00:00,2025-05-05 19:00:00,98,3,0,0,0,27638156
1,0,12580,61,55,225,2025-05-18 23:00:00,2025-05-19 01:00:00,98,4,2,1,1,27636895
1,2,13552,5,250,145,2025-05-15 20:00:00,2025-05-16 01:00:00,14,4,2,1,1,27908573
2,1,186,28,934,209,2025-05-18 03:00:00,2025-05-18 07:00:00,18,0,2,1,0,27886807
2,0,13552,66,381,230,2025-05-10 12:00:00,2025-05-10 13:00:00,14,0,2,1,1,27492013
0,2,235,20,65,258,2025-05-13 23:00:00,2025-05-14 04:00:00,31,1,2,1,1,27452034
2,3,186,13,165,97,2025-05-18 00:00:00,2025-05-18 03:00:00,98,1,2,1,1,27938948
1,2,199,53,941,126,2025-05-10 22:00:00,2025-05-10 23:00:00,14,3,0,1,1,27935221
0,1,12350,44,161,229,2025-05-07 16:00:00,2025-05-07 18:00:00,98,0,0,1,0,27764820
2,2,2,54,1053,165,2025-05-14 22:00:00,2025-05-15 03:00:00,0,1,3,0,0,27679730
2,1,199,42,561,143,2025-05-08 08:00:00,2025-05-08 10:00:00,18,4,0,0,0,27695688
1,2,199,54,705,167,2025-05-02 04:00:00,2025-05-02 07:00:00,18,4,0,0,0,27903440
0,1,2,1,945,176,2025-05-01 08:00:00,2025-05-01 13:00:00,98,0,0,0,0,27690443
2,3,199,59,383,63,2025-05-17 17:00:00,2025-05-17 22:00:00,0,1,2,1,1,27768583
1,2,13552,37,643,115,2025-05-19 07:00:00,2025-05-19 09:00:00,98,0,3,0,1,27927594
1,2,12956,62,636,197,2025-05-03 16:00:00,2025-05-03 20:00:00,98,0,0,0,1,27750840
0,3,12956,40,909,192,2025-05-17 04:00:00,2025-05-17 05:00:00,98,3,1,0,1,27728741
2,0,13203,15,52,129,2025-05-06 06:00:00,2025-05-06 07:00:00,31,3,2,1,0,27759467
1,0,12306,15,11,258,2025-05-04 08:00:00,2025-05-04 09:00:00,14,4,3,1,1,27933792
2,2,12307,13,971,161,2025-05-05 23:00:00,2025-05-06 02:00:00,14,0,3,0,0,27705195
1,1,187,42,1018,208,2025-05-16 06:00:00,2025-05-16 08:00:00,0,3,0,0,0,27905044
2,1,13552,46,49,205,2025-05-01 17:00:00,2025-05-01 18:00:00,14,4,0,0,0,27810318
2,3,12306,34,903,103,2025-05-01 12:00:00,2025-05-01 17:00:00,98,4,2,0,1,27848693
0,2,324,46,929,165,2025-05-18 16:00:00,2025-05-18 18:00:00,98,1,3,1,1,27896652
0,0,119,30,251,59,2025-05-14 12:00:00,2025-05-14 16:00:00,18,4,2,1,0,27622347
0,1,13203,10,58,115,2025-05-09 00:00:00,2025-05-09 05:00:00,18,1,3,1,1,27787712
1,0,13142,19,928,62,2025-05-02 19:00:00,2025-05-02 22:00:00,14,4,2,0,0,27768583
1,0,13552,30,63,59,2025-05-03 19:00:00,2025-05-03 22:00:00,98,0,3,0,1,27743525
2,3,299,43,903,194,2025-05-15 06:00:00,2025-05-15 09:00:00,18,0,0,1,0,27865062
0,1,13056,14,658,225,2025-05-10 13:00:00,2025-05-10 14:00:00,31,1,0,0,0,27818458
1,1,12956,56,840,232,2025-05-11 00:00:00,2025-05-11 05:00:00,31,4,1,0,0,27545746
1,3,236,47,560,63,2025-05-07 03:00:00,2025-05-07 07:00:00,18,3,0,1,1,27919352
0,1,327,14,657,221,2025-05-01 10:00:00,2025-05-01 14:00:00,18,3,0,0,1,27529304
1,2,299,27,294,209,2025-05-04 22:00:00,2025-05-05 02:00:00,31,4,3,0,1,27921928
0,0,12350,35,872,161,2025-05-19 14:00:00,2025-05-19 18:00:00,31,0,1,1,1,27711587
2,3,12580,52,126,126,2025-05-18 22:00:00,2025-05-19 02:00:00,0,3,1,0,1,27779056
0,0,12307,15,729,221,2025-05-01 14:00:00,2025-05-01 15:00:00,31,3,2,0,0,27634203
0,1,12956,42,101,129,2025-05-06 07:00:00,2025-05-06 10:00:00,18,1,0,0,1,27848693
1,3,4,66,673,176,2025-05-14 06:00:00,2025-05-14 08:00:00,31,4,3,0,1,27874375
1,2,2,35,1042,230,2025-05-07 13:00:00,2025-05-07 16:00:00,31,0,1,1,1,27423302
2,0,199,39,72,185,2025-05-16 07:00:00,2025-05-16 11:00:00,31,1,0,0,0,27632413
1,3,186,52,562,62,2025-05-03 19:00:00,2025-05-03 21:00:00,98,4,3,1,1,27658199
1,1,324,44,662,61,2025-05-18 15:00:00,2025-05-18 16:00:00,18,4,0,0,1,27868859
0,1,13142,50,915,209,2025-05-13 20:00:00,2025-05-13 22:00:00,0,3,1,1,1,27480413
2,3,324,3,705,208,2025-05-13 12:00:00,2025-05-13 15:00:00,98,3,2,1,0,27653912
2,2,13142,29,583,258,2025-05-10 07:00:00,2025-05-10 12:00:00,14,1,2,0,1,27703708
2,0,199,56,293,181,2025-05-17 22:00:00,2025-05-18 00:00:00,98,4,0,0,1,27842209
2,2,299,33,838,197,2025-05-17 13:00:00,2025-05-17 18:00:00,31,3,2,1,0,27727991
2,3,236,42,888,194,2025-05-13 12:00:00,2025-05-13 17:00:00,14,0,1,1,1,27780617
1,0,12350,58,721,102,2025-05-14 12:00:00,2025-05-14 16:00:00,98,0,2,1,0,27563103
0,3,12544,43,916,194,2025-05-04 17:00:00,2025-05-04 18:00:00,14,0,1,1,1,27695076
1,2,119,60,1059,63,2025-05-11 13:00:00,2025-05-11 16:00:00,18,3,1,0,1,27874863
0,0,12544,59,500,61,2025-05-01 22:00:00,2025-05-02 00:00:00,31,1,1,0,1,27754441
1,0,186,52,840,126,2025-05-20 00:00:00,2025-05-20 05:00:00,18,4,1,0,1,27694964
2,2,236,3,704,209,2025-05-07 18:00:00,2025-05-07 19:00:00,18,1,3,0,1,27506780
0,3,13203,4,897,207,2025-05-07 02:00:00,2025-05-07 06:00:00,98,3,0,0,1,27571201
0,2,4,46,431,202,2025-05-15 11:00:00,2025-05-15 14:00:00,18,0,0,0,1,27618396
1,1,187,39,922,165,2025-05-19 09:00:00,2025-05-19 12:00:00,0,0,1,0,0,27847534
2,2,13552,59,847,143,2025-05-01 08:00:00,2025-05-01 12:00:00,14,4,3,0,1,27543691
2,1,119,29,545,165,2025-05-02 15:00:00,2025-05-02 16:00:00,14,4,3,0,0,27609584
2,0,187,57,383,232,2025-05-04 10:00:00,2025-05-04 11:00:00,0,4,0,0,1,27783716
0,1,236,14,698,161,2025-05-05 22:00:00,2025-05-05 23:00:00,18,0,1,1,1,27720443
0,2,12350,59,897,176,2025-05-17 04:00:00,2025-05-17 06:00:00,98,3,2,1,1,27899954
1,0,25,55,657,209,2025-05-17 18:00:00,2025-05-17 23:00:00,0,4,0,0,1,27899954
0,0,187,15,673,198,2025-05-11 01:00:00,2025-05-11 05:00:00,31,3,2,0,1,27943907
0,3,12545,50,1044,221,2025-05-06 11:00:00,2025-05-06 12:00:00,31,3,2,1,1,27653484
0,3,324,47,916,229,2025-05-12 14:00:00,2025-05-12 15:00:00,0,3,2,1,0,27926662
2,2,4,58,1008,66,2025-05-18 10:00:00,2025-05-18 15:00:00,18,1,0,1,1,27862250
1,1,119,18,592,208,2025-05-17 07:00:00,2025-05-17 09:00:00,98,0,2,0,0,27764166
2,1,12956,17,149,129,2025-05-04 17:00:00,2025-05-04 22:00:00,31,3,2,1,1,27920618
0,0,235,51,1056,203,2025-05-10 01:00:00,2025-05-10 02:00:00,31,1,2,0,1,27836029
0,2,186,0,98,230,2025-05-13 07:00:00,2025-05-13 11:00:00,14,0,2,1,1,27812108
0,1,327,26,1053,59,2025-05-16 03:00:00,2025-05-16 08:00:00,31,1,3,0,0,27778271
1,1,299,19,931,51,2025-05-04 00:00:00,2025-05-04 01:00:00,0,1,3,1,1,27545552
1,2,235,27,971,229,2025-05-11 13:00:00,2025-05-11 14:00:00,14,4,2,0,0,27891596
0,3,12545,4,658,165,2025-05-14 00:00:00,2025-05-14 03:00:00,98,1,1,0,1,27919352
1,1,1,31,699,221,2025-05-19 15:00:00,2025-05-19 19:00:00,31,0,1,0,1,27476302
0,3,299,3,981,209,2025-05-17 01:00:00,2025-05-17 03:00:00,18,4,3,0,0,27791380
1,1,12545,66,628,101,2025-05-17 17:00:00,2025-05-17 19:00:00,98,3,2,0,0,27679730
0,1,236,39,63,65,2025-05-06 05:00:00,2025-05-06 07:00:00,14,1,2,0,0,27945347
1,1,12544,23,687,102,2025-05-01 17:00:00,2025-05-01 21:00:00,98,1,0,0,0,27424838
2,3,186,54,991,169,2025-05-19 07:00:00,2025-05-19 10:00:00,14,3,0,0,0,27706398
2,0,1,58,798,230,2025-05-06 08:00:00,2025-05-06 13:00:00,31,1,3,0,0,27768279
2,1,324,5,233,208,2025-05-09 10:00:00,2025-05-09 12:00:00,18,1,2,0,1,27675852
1,2,12350,27,862,160,2025-05-10 17:00:00,2025-05-10 19:00:00,14,0,1,0,0,27837658
2,3,12545,39,162,165,2025-05-19 22:00:00,2025-05-19 23:00:00,14,1,3,1,1,27903421
0,3,119,55,1056,60,2025-05-18 21:00:00,2025-05-19 02:00:00,31,3,3,1,1,27809577
2,2,12544,62,126,186,2025-05-11 11:00:00,2025-05-11 14:00:00,0,4,3,1,0,27418293
0,3,12545,56,515,161,2025-05-09 21:00:00,2025-05-10 02:00:00,0,4,0,1,1,27874890
2,3,1,4,957,208,2025-05-15 10:00:00,2025-05-15 11:00:00,98,4,0,1,0,27894899
2,2,13552,25,383,230,2025-05-13 01:00:00,2025-05-13 03:00:00,18,1,0,1,0,27862607
0,2,12306,24,981,186,2025-05-15 20:00:00,2025-05-15 21:00:00,14,4,2,1,0,27683300
2,1,186,23,891,232,2025-05-19 00:00:00,2025-05-19 05:00:00,14,4,3,0,1,27712496
0,0,12306,17,707,145,2025-05-10 02:00:00,2025-05-10 05:00:00,98,1,0,0,1,27820335
2,2,187,60,662,115,2025-05-11 18:00:00,2025-05-11 23:00:00,31,4,3,1,0,27885412
0,0,119,19,600,160,2025-05-19 19:00:00,2025-05-19 22:00:00,18,3,2,0,1,27573640
1,1,199,20,27,165,2025-05-17 03:00:00,2025-05-17 04:00:00,0,3,3,1,0,27884619
0,0,327,48,164,62,2025-05-19 23:00:00,2025-05-20 01:00:00,18,0,1,1,0,27926420
1,1,12306,23,1034,167,2025-05-01 01:00:00,2025-05-01 05:00:00,18,4,1,1,1,27685367
0,3,13203,58,58,185,2025-05-17 14:00:00,2025-05-17 16:00:00,14,1,1,1,0,27745016
1,3,13552,63,791,165,2025-05-10 05:00:00,2025-05-10 09:00:00,14,4,1,1,1,27812257
2,1,12544,38,903,102,2025-05-14 05:00:00,2025-05-14 10:00:00,0,1,1,0,0,27416784
1,3,12580,46,1039,165,2025-05-01 20:00:00,2025-05-01 22:00:00,31,1,3,1,0,27837575
0,2,12545,1,915,192,2025-05-05 07:00:00,2025-05-05 08:00:00,0,1,2,0,0,27890885
0,0,324,31,1016,162,2025-05-06 11:00:00,2025-05-06 13:00:00,18,3,1,0,0,27805890
2,3,12307,44,56,102,2025-05-19 16:00:00,2025-05-19 17:00:00,18,4,2,1,0,27897745
1,1,119,3,897,51,2025-05-08 07:00:00,2025-05-08 11:00:00,18,3,1,0,0,27745778
0,1,12306,10,29,61,2025-05-08 03:00:00,2025-05-08 04:00:00,98,1,2,1,0,27928628
0,3,327,3,886,230,2025-05-18 07:00:00,2025-05-18 12:00:00,18,1,2,0,0,27675643
0,3,25,64,711,126,2025-05-11 01:00:00,2025-05-11 05:00:00,98,3,0,0,0,27418293
2,0,299,37,188,66,2025-05-01 20:00:00,2025-05-02 00:00:00,31,4,3,0,1,27843518
2,2,324,2,712,142,2025-05-17 17:00:00,2025-05-17 21:00:00,14,0,0,0,1,27762295
2,1,199,41,918,202,2025-05-01 12:00:00,2025-05-01 15:00:00,31,1,1,0,1,27890704
0,3,12544,15,54,185,2025-05-12 21:00:00,2025-05-12 23:00:00,0,0,0,1,0,27416268
1,0,186,54,566,169,2025-05-01 01:00:00,2025-05-01 06:00:00,98,1,0,1,1,27944501
0,2,12350,53,910,60,2025-05-09 19:00:00,2025-05-09 20:00:00,31,1,2,1,1,27859433
2,2,12308,59,1006,145,2025-05-10 17:00:00,2025-05-10 18:00:00,31,0,2,1,0,27802315
2,2,12956,5,69,60,2025-05-06 06:00:00,2025-05-06 08:00:00,31,3,1,0,0,27801200
1,0,12350,50,159,60,2025-05-04 03:00:00,2025-05-04 06:00:00,0,0,0,1,0,27638159
1,3,12308,28,364,65,2025-05-06 08:00:00,2025-05-06 12:00:00,98,0,1,0,0,27821935
1,1,1,52,1039,221,2025-05-10 06:00:00,2025-05-10 08:00:00,18,4,3,0,1,27701415
2,1,299,46,162,209,2025-05-02 11:00:00,2025-05-02 16:00:00,0,0,2,1,1,27924065
2,2,13142,63,729,186,2025-05-06 02:00:00,2025-05-06 05:00:00,18,0,3,1,0,27747001
0,0,324,2,569,258,2025-05-13 04:00:00,2025-05-13 08:00:00,98,3,3,0,0,27880422
0,3,13552,19,164,207,2025-05-11 20:00:00,2025-05-11 23:00:00,0,3,3,1,0,27424683
1,0,12580,32,479,162,2025-05-09 19:00:00,2025-05-09 21:00:00,14,3,2,1,1,27796771
0,1,2,26,576,161,2025-05-18 04:00:00,2025-05-18 09:00:00,98,1,2,1,0,27421222
2,0,12306,58,971,208,2025-05-13 21:00:00,2025-05-13 22:00:00,14,3,2,0,0,27708473
1,1,235,54,566,66,2025-05-01 16:00:00,2025-05-01 21:00:00,18,1,1,0,0,27515010
0,2,235,44,98,216,2025-05-08 02:00:00,2025-05-08 05:00:00,0,4,0,0,1,27759836
1,0,324,11,900,62,2025-05-08 21:00:00,2025-05-08 23:00:00,14,4,0,1,1,27805890
2,0,12544,57,500,198,2025-05-11 15:00:00,2025-05-11 19:00:00,0,3,1,1,0,27419820
0,2,63604,4,912,186,2025-05-14 14:00:00,2025-05-14 16:00:00,18,4,2,1,1,27657498
1,3,13552,37,69,203,2025-05-10 17:00:00,2025-05-10 18:00:00,18,0,3,1,0,27871972
0,3,12307,28,561,228,2025-05-06 09:00:00,2025-05-06 13:00:00,18,3,2,1,1,27874381
0,0,1,35,515,197,2025-05-12 02:00:00,2025-05-12 07:00:00,0,0,1,0,1,27629779
0,0,236,54,892,185,2025-05-08 08:00:00,2025-05-08 13:00:00,18,0,0,0,0,27424557
1,3,119,55,796,225,2025-05-13 18:00:00,2025-05-13 22:00:00,0,3,1,1,0,27731559
2,2,299,19,877,126,2025-05-13 12:00:00,2025-05-13 15:00:00,31,0,3,0,1,27423003
2,2,12306,59,845,207,2025-05-02 07:00:00,2025-05-02 12:00:00,14,3,3,1,0,27706564
0,3,299,37,929,143,2025-05-06 16:00:00,2025-05-06 18:00:00,98,4,3,0,0,27906916
2,1,235,27,27,62,2025-05-19 16:00:00,2025-05-19 20:00:00,31,0,0,1,0,27629779
2,2,13056,16,795,126,2025-05-05 03:00:00,2025-05-05 04:00:00,18,3,3,1,0,27811113
0,0,199,37,902,209,2025-05-01 05:00:00,2025-05-01 08:00:00,14,4,1,0,1,27749856
0,3,13056,32,473,228,2025-05-12 06:00:00,2025-05-12 11:00:00,14,1,0,1,0,27768279
1,1,236,34,315,206,2025-05-10 08:00:00,2025-05-10 11:00:00,98,4,0,1,1,27710019
0,3,199,8,917,66,2025-05-15 07:00:00,2025-05-15 08:00:00,31,0,1,1,0,27888678
2,0,119,56,473,145,2025-05-08 08:00:00,2025-05-08 12:00:00,14,0,1,1,1,27743525
0,1,235,51,479,145,2025-05-03 22:00:00,2025-05-04 03:00:00,31,4,2,1,0,27387473
1,3,12350,41,244,162,2025-05-09 22:00:00,2025-05-10 03:00:00,14,4,0,1,1,27573640
2,2,187,36,332,161,2025-05-01 23:00:00,2025-05-02 02:00:00,14,4,2,0,0,27593975
1,3,12307,44,324,185,2025-05-15 07:00:00,2025-05-15 10:00:00,31,0,1,1,0,27636895
0,3,187,41,887,169,2025-05-17 15:00:00,2025-05-17 16:00:00,31,0,3,1,1,27930731
2,3,299,17,901,258,2025-05-03 21:00:00,2025-05-03 22:00:00,18,0,0,0,1,27741385
0,3,13056,34,904,181,2025-05-04 16:00:00,2025-05-04 20:00:00,0,0,2,1,1,27665080
1,1,25,53,130,142,2025-05-14 19:00:00,2025-05-14 20:00:00,31,4,1,1,0,27530764
0,2,236,3,783,176,2025-05-19 05:00:00,2025-05-19 09:00:00,98,4,0,0,0,27924639
1,0,12308,49,721,143,2025-05-05 21:00:00,2025-05-05 22:00:00,0,4,0,1,1,27367706
1,3,25,54,847,143,2025-05-17 05:00:00,2025-05-17 10:00:00,18,1,0,1,1,27685606
2,3,12308,2,1046,216,2025-05-01 21:00:00,2025-05-02 01:00:00,18,0,0,1,0,27629779
2,1,13142,26,57,186,2025-05-17 06:00:00,2025-05-17 10:00:00,31,0,2,1,0,27591652
1,0,12544,59,783,60,2025-05-01 22:00:00,2025-05-01 23:00:00,14,4,1,0,1,27426834
2,2,4,27,1045,59,2025-05-19 12:00:00,2025-05-19 14:00:00,18,0,3,0,0,27935221
0,2,12307,35,965,208,2025-05-15 08:00:00,2025-05-15 11:00:00,14,4,0,1,1,27938117
0,0,63604,33,1040,186,2025-05-19 23:00:00,2025-05-20 04:00:00,14,0,2,1,1,27821942
1,0,324,50,1016,126,2025-05-16 10:00:00,2025-05-16 12:00:00,18,3,2,1,1,27828309
1,1,2,55,847,66,2025-05-18 08:00:00,2025-05-18 10:00:00,31,0,3,1,0,27930185
0,1,12350,49,621,62,2025-05-19 01:00:00,2025-05-19 03:00:00,18,0,1,1,1,27850395
2,2,13552,53,877,142,2025-05-18 16:00:00,2025-05-18 20:00:00,31,3,0,0,1,27894493
1,2,186,57,600,198,2025-05-08 16:00:00,2025-05-08 19:00:00,98,0,1,1,1,27518800
0,2,324,58,562,51,2025-05-08 14:00:00,2025-05-08 17:00:00,31,4,0,1,0,27906916
0,1,12580,47,522,206,2025-05-07 00:00:00,2025-05-07 03:00:00,18,4,0,1,0,27626988
2,3,327,55,57,188,2025-05-09 03:00:00,2025-05-09 05:00:00,0,0,1,1,1,27741127
0,1,13203,4,872,206,2025-05-02 15:00:00,2025-05-02 20:00:00,18,0,1,1,0,27847636
0,0,1,11,931,61,2025-05-05 13:00:00,2025-05-05 18:00:00,14,3,1,1,1,27937325
0,0,187,15,838,192,2025-05-03 11:00:00,2025-05-03 16:00:00,31,0,2,0,1,27531300
1,0,12306,51,699,162,2025-05-14 16:00:00,2025-05-14 18:00:00,0,0,1,1,1,27865980
2,0,12580,58,180,126,2025-05-19 07:00:00,2025-05-19 08:00:00,98,3,1,0,0,27683300
2,1,199,32,1008,228,2025-05-15 18:00:00,2025-05-15 23:00:00,18,3,3,0,0,27779637
0,2,13552,52,721,142,2025-05-06 07:00:00,2025-05-06 08:00:00,0,3,2,1,1,27945724
1,2,12580,61,250,188,2025-05-13 18:00:00,2025-05-13 20:00:00,14,4,2,0,1,27907605
2,1,13056,58,293,60,2025-05-13 16:00:00,2025-05-13 18:00:00,98,0,0,0,1,27728338
1,3,4,57,899,188,2025-05-06 05:00:00,2025-05-06 08:00:00,31,3,1,0,0,27706409
1,2,12956,29,783,232,2025-05-04 10:00:00,2025-05-04 11:00:00,98,3,0,1,0,27898284
1,1,13056,51,306,51,2025-05-17 20:00:00,2025-05-18 00:00:00,98,4,3,1,0,27361275
1,2,2,54,699,185,2025-05-07 17:00:00,2025-05-07 18:00:00,18,0,1,1,1,27792742
0,1,199,42,180,258,2025-05-08 04:00:00,2025-05-08 09:00:00,18,1,1,1,1,27840773
1,0,13552,52,901,169,2025-05-02 08:00:00,2025-05-02 09:00:00,0,1,2,1,1,27880927
1,0,13203,38,862,192,2025-05-09 13:00:00,2025-05-09 14:00:00,0,4,2,0,1,27683493
1,3,63604,27,795,202,2025-05-18 20:00:00,2025-05-18 23:00:00,14,4,0,0,0,27713206
0,2,13142,38,1053,228,2025-05-09 21:00:00,2025-05-09 23:00:00,14,1,0,1,0,27795703
0,0,12544,49,969,62,2025-05-02 15:00:00,2025-05-02 18:00:00,18,1,3,0,0,27704311
1,1,1,55,895,230,2025-05-18 00:00:00,2025-05-18 05:00:00,14,0,1,0,0,27742643
1,1,13142,61,721,209,2025-05-15 18:00:00,2025-05-15 22:00:00,18,1,3,0,1,27895608
2,3,187,16,534,66,2025-05-04 22:00:00,2025-05-04 23:00:00,0,0,3,0,1,27518800
0,3,186,42,945,208,2025-05-04 17:00:00,2025-05-04 18:00:00,0,1,2,0,0,27897405
0,0,13203,56,162,102,2025-05-02 17:00:00,2025-05-02 22:00:00,0,0,1,1,0,27853624
2,3,2,5,29,167,2025-05-05 17:00:00,2025-05-05 19:00:00,18,3,0,0,1,27636198
1,2,12545,59,912,225,2025-05-03 19:00:00,2025-05-04 00:00:00,31,0,1,0,1,27428316
2,2,12308,5,798,101,2025-05-15 13:00:00,2025-05-15 18:00:00,31,4,1,1,0,27622766
1,2,236,58,796,225,2025-05-10 00:00:00,2025-05-10 03:00:00,14,0,1,0,1,27810099
1,3,13203,65,981,143,2025-05-13 01:00:00,2025-05-13 05:00:00,0,1,1,1,0,27939748
2,2,63604,64,162,102,2025-05-19 08:00:00,2025-05-19 10:00:00,98,4,0,1,0,27878828
2,2,186,47,188,181,2025-05-18 16:00:00,2025-05-18 21:00:00,18,0,1,1,1,27764019
1,3,324,32,931,167,2025-05-18 02:00:00,2025-05-18 05:00:00,98,3,1,0,1,27883791
2,1,235,60,281,145,2025-05-09 12:00:00,2025-05-09 13:00:00,14,0,0,0,1,27764820
1,1,13056,10,711,65,2025-05-05 23:00:00,2025-05-06 00:00:00,31,4,1,1,1,27695688
2,2,327,31,782,181,2025-05-12 06:00:00,2025-05-12 09:00:00,31,1,1,1,1,27928093
0,3,327,37,912,143,2025-05-04 18:00:00,2025-05-04 19:00:00,31,4,3,1,0,27749856
0,2,12544,52,838,206,2025-05-03 04:00:00,2025-05-03 05:00:00,31,0,1,0,0,27726475
2,1,12308,49,1028,202,2025-05-11 13:00:00,2025-05-11 16:00:00,98,4,3,1,0,27407530
2,2,324,2,306,61,2025-05-04 07:00:00,2025-05-04 08:00:00,18,0,1,1,1,27694966
0,2,236,35,566,142,2025-05-03 22:00:00,2025-05-04 01:00:00,98,3,1,1,0,27526969
1,1,199,13,57,186,2025-05-14 07:00:00,2025-05-14 11:00:00,31,4,3,1,0,27766152
0,3,12580,57,977,162,2025-05-13 16:00:00,2025-05-13 19:00:00,31,3,1,0,1,27384012
0,0,324,55,11,230,2025-05-14 09:00:00,2025-05-14 13:00:00,14,0,0,0,1,27701178
2,3,63604,27,892,209,2025-05-02 13:00:00,2025-05-02 15:00:00,14,4,2,1,0,27683365
2,0,13552,52,901,205,2025-05-10 01:00:00,2025-05-10 06:00:00,14,4,1,1,0,27820335
1,1,186,32,791,161,2025-05-12 05:00:00,2025-05-12 08:00:00,14,1,3,1,0,27811222
2,3,25,11,627,165,2025-05-08 18:00:00,2025-05-08 20:00:00,0,0,1,1,1,27611342
0,3,12544,47,1058,185,2025-05-12 18:00:00,2025-05-12 19:00:00,0,1,0,0,0,27473030
0,1,1,44,887,97,2025-05-15 22:00:00,2025-05-16 01:00:00,98,0,3,0,0,27546265
2,0,199,16,339,216,2025-05-02 13:00:00,2025-05-02 14:00:00,18,1,3,1,0,27577995
2,0,235,5,1033,181,2025-05-18 13:00:00,2025-05-18 17:00:00,31,3,2,0,1,27766152
0,1,12545,49,159,162,2025-05-02 07:00:00,2025-05-02 08:00:00,31,3,3,0,1,27827759
1,1,186,16,165,228,2025-05-06 01:00:00,2025-05-06 04:00:00,31,1,3,1,0,27853245
1,0,13552,64,969,59,2025-05-18 07:00:00,2025-05-18 12:00:00,14,1,1,1,1,27714890
0,0,324,14,881,97,2025-05-16 00:00:00,2025-05-16 03:00:00,14,0,2,1,0,27842995
1,1,13203,14,382,145,2025-05-17 04:00:00,2025-05-17 07:00:00,18,4,3,1,1,27873372
2,1,12308,14,1052,228,2025-05-05 06:00:00,2025-05-05 11:00:00,18,0,1,0,0,27886728
1,2,25,17,673,198,2025-05-09 14:00:00,2025-05-09 17:00:00,14,1,3,0,0,27410822
1,1,12308,19,1046,251,2025-05-15 19:00:00,2025-05-15 20:00:00,31,4,3,1,1,27651224
0,3,63604,53,471,162,2025-05-13 01:00:00,2025-05-13 02:00:00,0,0,1,0,1,27738262
1,2,299,28,511,60,2025-05-16 03:00:00,2025-05-16 07:00:00,98,3,3,1,1,27620921
1,1,12545,19,886,197,2025-05-14 15:00:00,2025-05-14 16:00:00,0,0,2,0,0,27762698
2,1,327,16,776,205,2025-05-15 12:00:00,2025-05-15 16:00:00,14,4,3,0,1,27685052
2,2,12580,65,895,51,2025-05-02 04:00:00,2025-05-02 07:00:00,0,4,0,0,0,27873372
0,2,13142,19,918,102,2025-05-03 05:00:00,2025-05-03 07:00:00,18,0,0,1,1,27697626
0,3,4,25,500,165,2025-05-11 10:00:00,2025-05-11 14:00:00,0,0,0,1,1,27543618
2,2,236,4,862,194,2025-05-09 18:00:00,2025-05-09 23:00:00,18,3,2,0,1,27426887
2,0,63604,40,838,194,2025-05-11 18:00:00,2025-05-11 22:00:00,0,0,0,1,0,27482387
1,1,327,56,894,229,2025-05-09 10:00:00,2025-05-09 15:00:00,14,0,3,0,1,27424369
2,3,12308,28,272,202,2025-05-06 23:00:00,2025-05-07 02:00:00,18,3,1,0,1,27850395
2,0,12580,40,991,208,2025-05-12 14:00:00,2025-05-12 18:00:00,0,0,0,1,1,27698448
2,0,1,63,886,63,2025-05-15 13:00:00,2025-05-15 15:00:00,18,3,0,0,0,27623256
1,3,12545,15,478,103,2025-05-05 08:00:00,2025-05-05 10:00:00,0,4,3,0,1,27827759
1,3,12580,33,323,208,2025-05-16 03:00:00,2025-05-16 08:00:00,0,4,1,0,1,27783056
2,0,4,52,101,225,2025-05-16 13:00:00,2025-05-16 14:00:00,18,3,0,1,1,27879844
0,3,12580,20,127,202,2025-05-10 11:00:00,2025-05-10 15:00:00,18,4,1,0,0,27911159
1,1,63604,46,896,181,2025-05-11 13:00:00,2025-05-11 15:00:00,18,1,1,0,1,27870500
1,2,2,5,127,165,2025-05-03 06:00:00,2025-05-03 08:00:00,31,0,3,1,1,27426834
2,3,12308,57,894,63,2025-05-09 20:00:00,2025-05-09 22:00:00,31,4,1,1,1,27777148
2,0,13203,0,444,216,2025-05-11 16:00:00,2025-05-11 21:00:00,14,3,0,0,1,27937325
2,3,13203,13,928,229,2025-05-06 20:00:00,2025-05-07 00:00:00,18,0,0,0,1,27367706
1,3,1,23,63,145,2025-05-16 17:00:00,2025-05-16 18:00:00,18,4,3,0,0,27874863
1,1,187,56,687,205,2025-05-01 04:00:00,2025-05-01 06:00:00,18,3,3,0,1,27722128
2,2,25,57,915,194,2025-05-19 03:00:00,2025-05-19 06:00:00,18,0,2,1,1,27833166
0,1,199,5,721,161,2025-05-06 20:00:00,2025-05-07 01:00:00,18,0,0,1,1,27914094
0,2,12306,22,479,60,2025-05-17 05:00:00,2025-05-17 09:00:00,31,4,2,1,0,27719476
2,0,25,29,1050,101,2025-05-01 02:00:00,2025-05-01 05:00:00,98,4,2,1,1,27860888
2,0,327,32,44,60,2025-05-10 13:00:00,2025-05-10 17:00:00,98,4,2,1,1,27927594
2,0,25,23,322,115,2025-05-15 09:00:00,2025-05-15 13:00:00,31,1,3,0,0,27577827
2,3,199,20,798,207,2025-05-12 12:00:00,2025-05-12 13:00:00,98,0,1,0,0,27638156
2,0,235,53,162,207,2025-05-18 07:00:00,2025-05-18 10:00:00,18,4,2,1,0,27908290
1,3,12544,57,636,62,2025-05-07 08:00:00,2025-05-07 11:00:00,18,4,3,0,0,27880416
0,1,12544,26,929,206,2025-05-15 06:00:00,2025-05-15 10:00:00,0,1,3,1,1,27445351
0,0,324,56,561,62,2025-05-17 07:00:00,2025-05-17 12:00:00,18,1,3,1,0,27789627
2,3,13552,65,27,101,2025-05-04 23:00:00,2025-05-05 02:00:00,98,4,1,0,1,27409005
0,0,1,13,534,61,2025-05-11 10:00:00,2025-05-11 13:00:00,14,3,2,0,1,27712496
2,0,187,58,364,51,2025-05-15 12:00:00,2025-05-15 13:00:00,0,1,1,0,1,27801069
1,2,327,11,894,197,2025-05-04 21:00:00,2025-05-04 22:00:00,18,3,2,1,1,27622318
0,1,186,9,729,192,2025-05-07 14:00:00,2025-05-07 17:00:00,18,4,3,0,1,27562459
0,1,25,51,364,115,2025-05-06 13:00:00,2025-05-06 17:00:00,98,1,2,0,1,27859433
0,3,199,27,1054,97,2025-05-01 08:00:00,2025-05-01 10:00:00,0,3,3,1,0,27785528
1,2,12545,38,1028,230,2025-05-06 13:00:00,2025-05-06 16:00:00,0,0,0,1,0,27905531
1,1,12307,55,473,225,2025-05-03 05:00:00,2025-05-03 08:00:00,31,0,3,0,1,27445351
0,2,12956,46,898,169,2025-05-11 02:00:00,2025-05-11 06:00:00,0,3,1,0,0,27698302
2,1,13142,25,511,142,2025-05-13 08:00:00,2025-05-13 13:00:00,98,0,1,1,1,27921928
2,3,4,66,1008,207,2025-05-04 01:00:00,2025-05-04 02:00:00,14,3,1,1,1,27906639
2,0,4,13,897,188,2025-05-03 15:00:00,2025-05-03 17:00:00,14,3,3,1,1,27629527
1,3,63604,30,58,208,2025-05-08 01:00:00,2025-05-08 05:00:00,98,0,2,1,0,27653484
0,1,13056,15,1036,186,2025-05-08 15:00:00,2025-05-08 18:00:00,14,3,2,0,1,27945724
2,0,13203,48,478,51,2025-05-17 01:00:00,2025-05-17 03:00:00,0,4,1,0,1,27531324
1,1,2,32,996,129,2025-05-06 09:00:00,2025-05-06 10:00:00,98,0,0,0,1,27903567
1,0,12307,55,473,225,2025-05-14 10:00:00,2025-05-14 11:00:00,18,4,1,1,0,27926955
2,1,13056,27,29,203,2025-05-02 09:00:00,2025-05-02 12:00:00,14,3,2,0,0,27710505
2,3,63604,33,881,229,2025-05-16 17:00:00,2025-05-16 20:00:00,0,4,0,0,1,27842995
0,2,1,42,479,97,2025-05-04 03:00:00,2025-05-04 05:00:00,0,0,0,1,1,27930611
2,3,13142,56,1053,251,2025-05-06 03:00:00,2025-05-06 06:00:00,98,4,1,1,0,27510413
0,1,327,18,566,206,2025-05-10 03:00:00,2025-05-10 04:00:00,0,3,3,1,0,27878430
0,1,12544,28,11,176,2025-05-09 14:00:00,2025-05-09 16:00:00,31,3,3,0,1,27750531
2,0,1,18,126,129,2025-05-13 01:00:00,2025-05-13 05:00:00,18,1,1,0,0,27809025
1,1,4,3,888,185,2025-05-06 15:00:00,2025-05-06 17:00:00,31,4,2,1,1,27547429
0,3,1,9,561,198,2025-05-02 18:00:00,2025-05-02 22:00:00,31,4,3,0,0,27759467
2,1,13552,18,118,258,2025-05-01 10:00:00,2025-05-01 15:00:00,18,3,0,1,0,27764549
2,2,25,50,11,59,2025-05-10 22:00:00,2025-05-11 03:00:00,14,4,1,0,1,27843284
2,1,12545,64,776,197,2025-05-19 10:00:00,2025-05-19 15:00:00,14,3,1,0,0,27697564
1,1,235,4,1052,230,2025-05-08 06:00:00,2025-05-08 09:00:00,98,1,1,1,0,27860171
1,1,12544,31,704,59,2025-05-15 14:00:00,2025-05-15 19:00:00,18,3,1,1,1,27905487
0,2,13056,52,79,205,2025-05-10 04:00:00,2025-05-10 08:00:00,0,1,1,0,1,27826190
0,1,299,35,658,61,2025-05-10 21:00:00,2025-05-11 02:00:00,31,1,0,1,1,27783302
0,1,4,56,763,101,2025-05-06 21:00:00,2025-05-07 00:00:00,31,1,2,1,0,27733722
1,2,13552,29,631,207,2025-05-10 01:00:00,2025-05-10 05:00:00,31,0,1,1,1,27930268
1,0,13142,20,896,181,2025-05-01 21:00:00,2025-05-02 00:00:00,0,1,2,0,1,27582224
2,3,12545,25,379,186,2025-05-09 01:00:00,2025-05-09 06:00:00,98,4,0,0,1,27429090
1,0,12545,19,915,205,2025-05-18 08:00:00,2025-05-18 09:00:00,31,3,2,1,1,27452310
0,2,12350,48,118,216,2025-05-11 06:00:00,2025-05-11 07:00:00,14,1,3,0,0,27861615
1,1,12350,51,580,160,2025-05-13 23:00:00,2025-05-14 04:00:00,0,1,3,0,0,27682223
1,3,199,47,707,205,2025-05-07 17:00:00,2025-05-07 22:00:00,98,0,3,1,1,27903741
1,3,12545,44,890,126,2025-05-15 10:00:00,2025-05-15 12:00:00,18,4,1,1,1,27916156
2,2,12306,30,406,225,2025-05-15 01:00:00,2025-05-15 06:00:00,0,0,3,0,0,27421725
1,3,12580,23,965,126,2025-05-07 03:00:00,2025-05-07 05:00:00,0,0,0,0,0,27573565
2,3,236,1,882,225,2025-05-14 16:00:00,2025-05-14 21:00:00,18,0,2,1,1,27676539
0,0,13142,44,339,145,2025-05-15 01:00:00,2025-05-15 05:00:00,31,0,2,1,1,27417259
0,0,12350,8,1052,205,2025-05-13 15:00:00,2025-05-13 19:00:00,31,1,2,1,0,27577744
2,0,199,61,945,101,2025-05-18 00:00:00,2025-05-18 01:00:00,31,4,1,0,0,27420446
1,0,324,41,1046,97,2025-05-11 06:00:00,2025-05-11 08:00:00,98,0,3,0,0,27817429
0,2,13552,51,894,228,2025-05-14 13:00:00,2025-05-14 17:00:00,0,0,0,0,0,27926420
0,1,63604,9,799,186,2025-05-03 01:00:00,2025-05-03 04:00:00,18,3,2,0,1,27932676
2,1,186,37,915,165,2025-05-17 17:00:00,2025-05-17 21:00:00,31,0,0,1,0,27806957
0,2,25,4,471,167,2025-05-06 20:00:00,2025-05-06 23:00:00,18,4,3,1,1,27675643
1,0,119,24,54,142,2025-05-08 15:00:00,2025-05-08 17:00:00,18,0,0,1,0,27696873
0,3,299,34,891,142,2025-05-06 02:00:00,2025-05-06 04:00:00,31,0,3,1,1,27894867
2,1,236,31,893,165,2025-05-18 05:00:00,2025-05-18 08:00:00,14,1,3,1,1,27807821
1,3,236,38,729,129,2025-05-10 12:00:00,2025-05-10 15:00:00,18,4,0,0,0,27609649
0,3,235,29,665,229,2025-05-19 11:00:00,2025-05-19 12:00:00,14,3,2,0,0,27849369
2,1,1,53,894,251,2025-05-05 08:00:00,2025-05-05 12:00:00,31,3,0,0,1,27786076
0,3,187,50,885,228,2025-05-11 21:00:00,2025-05-12 02:00:00,0,1,1,0,1,27415815
0,3,4,33,1044,160,2025-05-17 01:00:00,2025-05-17 03:00:00,98,1,0,1,1,27698448
0,0,2,18,1049,230,2025-05-05 22:00:00,2025-05-06 03:00:00,18,4,3,0,1,27745016
2,2,12544,63,592,129,2025-05-10 06:00:00,2025-05-10 11:00:00,18,1,3,1,1,27854241
2,0,235,60,471,142,2025-05-16 10:00:00,2025-05-16 11:00:00,18,4,2,0,1,27563574
0,0,12545,63,783,129,2025-05-13 11:00:00,2025-05-13 13:00:00,0,3,2,0,1,27417253
2,3,12580,62,534,169,2025-05-08 23:00:00,2025-05-09 00:00:00,0,4,2,0,0,27778109
1,1,119,52,149,65,2025-05-06 17:00:00,2025-05-06 21:00:00,0,3,3,0,0,27635469
1,2,187,13,928,51,2025-05-06 13:00:00,2025-05-06 14:00:00,98,4,0,0,0,27721714
0,1,1,24,704,203,2025-05-07 06:00:00,2025-05-07 10:00:00,0,1,2,0,1,27726392
0,0,186,18,916,197,2025-05-11 16:00:00,2025-05-11 20:00:00,31,0,2,0,0,27530811
2,3,199,34,364,192,2025-05-13 12:00:00,2025-05-13 17:00:00,0,0,2,0,1,27897281
1,0,13552,10,560,185,2025-05-18 13:00:00,2025-05-18 18:00:00,14,0,0,0,1,27775950
1,0,236,55,762,142,2025-05-03 07:00:00,2025-05-03 10:00:00,98,0,0,1,0,27762727
2,1,299,63,593,165,2025-05-01 18:00:00,2025-05-01 19:00:00,18,1,1,1,1,27678023
2,3,4,13,21,197,2025-05-16 07:00:00,2025-05-16 08:00:00,18,3,3,0,1,27929894
2,0,13552,15,657,230,2025-05-15 05:00:00,2025-05-15 06:00:00,14,4,1,1,1,27831835
1,1,12580,44,406,103,2025-05-12 01:00:00,2025-05-12 05:00:00,18,3,1,0,0,27678998
1,1,25,52,627,232,2025-05-05 10:00:00,2025-05-05 15:00:00,31,4,3,1,1,27635277
0,1,1,8,473,208,2025-05-16 22:00:00,2025-05-16 23:00:00,98,1,3,1,1,27644877
1,3,4,34,560,165,2025-05-06 07:00:00,2025-05-06 10:00:00,31,0,2,0,1,27463860
1,3,12545,36,1044,167,2025-05-02 17:00:00,2025-05-02 21:00:00,0,1,2,0,1,27420129
2,1,13203,13,1054,65,2025-05-06 21:00:00,2025-05-07 00:00:00,98,4,0,0,1,27887020
0,1,12308,9,971,63,2025-05-07 17:00:00,2025-05-07 20:00:00,98,3,1,0,0,27741448
1,0,2,46,56,208,2025-05-01 15:00:00,2025-05-01 16:00:00,31,1,2,0,0,27870373
2,2,13142,43,364,194,2025-05-14 03:00:00,2025-05-14 06:00:00,31,1,0,0,1,27709230
2,2,25,35,898,51,2025-05-06 11:00:00,2025-05-06 14:00:00,31,3,1,1,0,27711349
0,2,186,1,479,202,2025-05-15 09:00:00,2025-05-15 12:00:00,98,3,0,0,1,27526930
0,2,13203,22,886,258,2025-05-03 01:00:00,2025-05-03 02:00:00,14,4,1,0,1,27862178
2,2,13552,31,711,186,2025-05-06 09:00:00,2025-05-06 11:00:00,18,4,0,1,0,27680439
1,1,12307,50,126,229,2025-05-17 11:00:00,2025-05-17 13:00:00,0,4,0,0,1,27886728
1,2,199,57,838,181,2025-05-12 22:00:00,2025-05-13 00:00:00,18,0,1,0,0,27937325
0,1,199,15,49,216,2025-05-17 10:00:00,2025-05-17 13:00:00,98,1,3,0,0,27845575
0,1,12580,64,316,51,2025-05-16 19:00:00,2025-05-16 22:00:00,14,1,2,1,0,27916802
2,2,324,39,293,185,2025-05-14 17:00:00,2025-05-14 21:00:00,0,1,0,0,0,27887645
0,1,327,51,767,208,2025-05-03 00:00:00,2025-05-03 02:00:00,18,3,1,1,0,27898284
1,3,119,53,931,185,2025-05-03 02:00:00,2025-05-03 07:00:00,0,4,1,1,1,27942328
2,3,236,24,919,197,2025-05-14 01:00:00,2025-05-14 02:00:00,0,3,2,0,1,27812340
0,1,13203,58,891,198,2025-05-03 06:00:00,2025-05-03 11:00:00,18,0,0,0,1,27817022
0,0,12956,0,68,61,2025-05-08 04:00:00,2025-05-08 05:00:00,0,1,0,1,1,27483421
2,0,12307,52,707,176,2025-05-16 11:00:00,2025-05-16 16:00:00,14,3,3,0,1,27856284
1,1,25,58,1008,232,2025-05-08 13:00:00,2025-05-08 17:00:00,14,4,2,0,0,27860860
0,2,4,52,898,208,2025-05-01 16:00:00,2025-05-01 19:00:00,0,4,0,0,0,27837575
0,1,12956,40,945,129,2025-05-12 16:00:00,2025-05-12 17:00:00,0,3,1,1,1,27750714
2,2,12308,15,969,129,2025-05-18 09:00:00,2025-05-18 13:00:00,0,3,3,1,1,27620921
2,3,63604,2,272,176,2025-05-16 08:00:00,2025-05-16 09:00:00,31,4,0,0,1,27945724
1,1,12545,14,569,63,2025-05-17 15:00:00,2025-05-17 20:00:00,31,0,1,1,0,27630059
1,2,12308,3,896,97,2025-05-16 09:00:00,2025-05-16 10:00:00,0,4,3,0,0,27924065
1,0,12307,66,763,66,2025-05-08 21:00:00,2025-05-08 23:00:00,14,0,2,0,0,27942990
1,3,12306,15,877,188,2025-05-07 15:00:00,2025-05-07 18:00:00,0,0,0,1,0,27874375
1,1,13056,33,1053,258,2025-05-06 05:00:00,2025-05-06 06:00:00,31,3,0,0,0,27786382
0,2,12956,53,569,202,2025-05-09 00:00:00,2025-05-09 01:00:00,0,1,2,0,0,27566097
2,3,13203,24,916,97,2025-05-03 14:00:00,2025-05-03 18:00:00,0,3,0,1,1,27835253
1,1,119,23,126,65,2025-05-03 01:00:00,2025-05-03 04:00:00,98,0,3,1,0,27862250
0,1,13552,26,1016,126,2025-05-16 03:00:00,2025-05-16 06:00:00,14,0,1,0,1,27750531
0,2,1,57,562,145,2025-05-05 07:00:00,2025-05-05 08:00:00,31,4,0,1,1,27862250
1,1,199,60,767,162,2025-05-13 03:00:00,2025-05-13 06:00:00,98,3,2,1,1,27854327
0,3,186,2,631,145,2025-05-05 06:00:00,2025-05-05 07:00:00,98,0,0,0,1,27415815
1,1,63604,35,316,258,2025-05-11 08:00:00,2025-05-11 11:00:00,98,3,1,0,0,27728338
1,1,2,34,918,205,2025-05-14 13:00:00,2025-05-14 18:00:00,0,1,2,0,0,27717125
1,1,13142,4,872,186,2025-05-12 09:00:00,2025-05-12 12:00:00,14,1,2,1,1,27759517
0,0,186,22,242,181,2025-05-07 02:00:00,2025-05-07 04:00:00,0,3,1,1,0,27757832
1,1,199,8,67,103,2025-05-04 10:00:00,2025-05-04 12:00:00,14,3,3,0,1,27886892
2,2,12956,14,627,97,2025-05-02 14:00:00,2025-05-02 18:00:00,18,4,2,0,1,27728338
0,2,186,19,776,129,2025-05-07 06:00:00,2025-05-07 11:00:00,18,3,3,1,1,27760184
2,2,2,63,890,258,2025-05-18 07:00:00,2025-05-18 11:00:00,31,0,0,1,0,27786891
1,2,63604,46,1054,169,2025-05-13 04:00:00,2025-05-13 08:00:00,14,0,1,1,1,27545011
1,3,324,19,1056,169,2025-05-04 02:00:00,2025-05-04 07:00:00,98,4,0,1,1,27889108
0,2,119,40,832,169,2025-05-12 08:00:00,2025-05-12 10:00:00,31,1,1,1,0,27657498
2,3,235,9,662,229,2025-05-03 17:00:00,2025-05-03 21:00:00,31,3,0,1,1,27675852
2,3,199,57,1054,126,2025-05-09 20:00:00,2025-05-09 22:00:00,98,3,1,1,1,27707116
1,0,13056,38,251,207,2025-05-07 20:00:00,2025-05-08 01:00:00,0,0,0,0,1,27684977
2,0,25,10,981,142,2025-05-07 05:00:00,2025-05-07 08:00:00,14,3,0,1,0,27705200
2,2,12545,63,799,186,2025-05-06 07:00:00,2025-05-06 11:00:00,14,0,1,0,0,27512019
1,2,235,17,862,101,2025-05-04 05:00:00,2025-05-04 08:00:00,18,1,0,0,1,27411128
2,3,299,2,478,62,2025-05-03 11:00:00,2025-05-03 12:00:00,31,1,2,1,0,27911159
1,1,324,29,244,62,2025-05-11 11:00:00,2025-05-11 12:00:00,18,0,1,1,1,27814456
1,0,12308,13,627,228,2025-05-16 19:00:00,2025-05-16 21:00:00,98,1,3,0,0,27546105
2,0,12956,20,1046,185,2025-05-09 07:00:00,2025-05-09 12:00:00,0,4,2,0,1,27897281
2,3,1,1,600,185,2025-05-15 01:00:00,2025-05-15 06:00:00,31,4,0,1,0,27807853
0,0,12350,48,877,63,2025-05-18 02:00:00,2025-05-18 03:00:00,14,4,2,0,1,27736309
0,3,12580,50,560,258,2025-05-08 17:00:00,2025-05-08 19:00:00,31,4,3,0,0,27590152
0,2,13552,3,324,65,2025-05-01 20:00:00,2025-05-02 01:00:00,31,0,0,0,1,27920548
2,0,2,60,841,103,2025-05-17 10:00:00,2025-05-17 13:00:00,0,3,3,1,1,27885814
0,0,25,3,1040,209,2025-05-19 22:00:00,2025-05-20 03:00:00,18,4,0,1,0,27749871
1,0,13203,41,1016,160,2025-05-10 12:00:00,2025-05-10 14:00:00,18,1,0,1,0,27708699
1,2,4,66,98,203,2025-05-01 16:00:00,2025-05-01 21:00:00,14,1,3,0,1,27547494
1,2,299,34,560,60,2025-05-15 09:00:00,2025-05-15 13:00:00,18,4,3,1,1,27651322
1,3,324,44,1053,229,2025-05-12 16:00:00,2025-05-12 18:00:00,18,3,3,0,1,27681123
1,2,12306,44,576,176,2025-05-03 18:00:00,2025-05-03 22:00:00,14,1,3,0,1,27720059
0,0,25,44,711,97,2025-05-16 21:00:00,2025-05-17 02:00:00,98,1,1,0,1,27779637
1,2,186,36,912,63,2025-05-06 19:00:00,2025-05-06 22:00:00,0,1,2,0,1,27742743
2,1,235,33,323,230,2025-05-11 10:00:00,2025-05-11 13:00:00,98,1,1,1,1,27719323
0,2,187,42,929,209,2025-05-04 01:00:00,2025-05-04 02:00:00,0,4,1,0,1,27929894
2,3,4,36,881,62,2025-05-05 11:00:00,2025-05-05 13:00:00,18,4,3,1,0,27793368
0,0,13142,56,1040,51,2025-05-11 18:00:00,2025-05-11 20:00:00,18,4,3,1,0,27683493
0,2,119,10,909,230,2025-05-10 04:00:00,2025-05-10 08:00:00,18,3,0,1,1,27835425
0,1,12308,11,234,206,2025-05-15 05:00:00,2025-05-15 07:00:00,0,1,2,0,1,27698926
0,3,12308,51,1053,198,2025-05-11 18:00:00,2025-05-11 20:00:00,0,0,0,1,0,27678932
2,3,1,59,1008,62,2025-05-10 07:00:00,2025-05-10 12:00:00,18,4,2,1,1,27913282
1,2,186,42,1044,176,2025-05-02 04:00:00,2025-05-02 07:00:00,98,1,0,0,1,27826763
1,1,12545,54,851,202,2025-05-09 00:00:00,2025-05-09 04:00:00,0,1,3,1,0,27850141
1,1,199,60,165,63,2025-05-06 04:00:00,2025-05-06 08:00:00,18,1,1,1,1,27799639
2,2,236,32,323,207,2025-05-05 23:00:00,2025-05-06 00:00:00,18,4,3,0,1,27917629
1,0,12544,43,627,206,2025-05-04 03:00:00,2025-05-04 06:00:00,18,1,0,0,1,27691330
1,2,186,55,798,192,2025-05-02 00:00:00,2025-05-02 03:00:00,98,3,0,0,1,27692728
1,0,12306,62,67,225,2025-05-18 00:00:00,2025-05-18 05:00:00,18,1,1,1,1,27693026
2,2,12545,13,373,181,2025-05-10 17:00:00,2025-05-10 19:00:00,0,3,3,0,1,27741937
0,3,187,56,593,206,2025-05-08 17:00:00,2025-05-08 20:00:00,0,0,1,0,1,27727606
0,2,187,40,957,129,2025-05-17 00:00:00,2025-05-17 01:00:00,31,1,3,0,1,27809577
0,2,12307,24,281,101,2025-05-19 14:00:00,2025-05-19 17:00:00,98,3,3,1,1,27745506
0,2,1,50,58,188,2025-05-17 05:00:00,2025-05-17 08:00:00,31,4,1,0,1,27415745
1,3,327,9,201,194,2025-05-12 15:00:00,2025-05-12 18:00:00,0,3,1,1,1,27552836
1,2,4,59,838,102,2025-05-09 02:00:00,2025-05-09 05:00:00,18,1,2,0,0,27703708
0,2,12956,56,479,59,2025-05-12 03:00:00,2025-05-12 05:00:00,0,3,1,1,0,27853407
1,2,2,39,1036,203,2025-05-18 21:00:00,2025-05-18 23:00:00,14,3,3,1,0,27749841
1,0,199,43,890,176,2025-05-05 07:00:00,2025-05-05 08:00:00,98,4,2,1,1,27865062
2,2,299,41,894,194,2025-05-12 07:00:00,2025-05-12 11:00:00,14,1,1,1,1,27733479
1,3,327,17,81,165,2025-05-04 21:00:00,2025-05-05 02:00:00,31,1,0,1,1,27930620
2,0,12308,10,1058,60,2025-05-11 21:00:00,2025-05-11 22:00:00,98,0,2,0,1,27756284
0,1,236,51,945,59,2025-05-18 16:00:00,2025-05-18 20:00:00,0,3,2,1,1,27885786
1,3,187,42,919,209,2025-05-18 08:00:00,2025-05-18 10:00:00,0,3,2,1,1,27693079
2,3,235,0,569,142,2025-05-04 20:00:00,2025-05-04 22:00:00,0,0,2,1,0,27860958
0,2,63604,64,965,142,2025-05-13 22:00:00,2025-05-14 02:00:00,31,4,0,1,0,27782494
0,0,13056,14,58,203,2025-05-19 16:00:00,2025-05-19 19:00:00,14,1,1,1,0,27452034
2,0,4,60,762,161,2025-05-02 00:00:00,2025-05-02 02:00:00,18,0,1,0,0,27883145
1,3,12306,32,687,142,2025-05-13 18:00:00,2025-05-13 19:00:00,98,3,3,1,0,27745016
2,2,299,48,627,60,2025-05-03 17:00:00,2025-05-03 19:00:00,31,1,3,1,1,27363509
1,0,12308,22,293,197,2025-05-07 23:00:00,2025-05-08 03:00:00,0,0,0,1,1,27689146
2,2,236,35,306,194,2025-05-13 12:00:00,2025-05-13 15:00:00,31,0,1,0,1,27845064
1,2,186,63,705,102,2025-05-16 07:00:00,2025-05-16 08:00:00,31,1,0,1,0,27819427
2,3,12307,20,323,202,2025-05-15 18:00:00,2025-05-15 19:00:00,18,1,3,0,1,27860238
0,1,25,34,1040,145,2025-05-09 08:00:00,2025-05-09 12:00:00,31,3,0,1,0,27896588
2,2,12307,16,576,115,2025-05-06 08:00:00,2025-05-06 11:00:00,18,0,1,1,1,27657503
0,0,235,34,515,230,2025-05-17 04:00:00,2025-05-17 09:00:00,18,4,0,0,1,27878430
1,3,327,22,933,143,2025-05-07 15:00:00,2025-05-07 19:00:00,0,4,0,1,1,27454755
2,3,13142,40,763,161,2025-05-14 15:00:00,2025-05-14 18:00:00,31,1,3,0,1,27874176
2,0,12350,11,283,207,2025-05-15 08:00:00,2025-05-15 13:00:00,98,0,1,0,1,27883475
2,2,13552,24,444,197,2025-05-11 20:00:00,2025-05-11 23:00:00,98,3,0,1,1,27416784
0,2,12307,0,965,165,2025-05-08 19:00:00,2025-05-08 22:00:00,0,1,0,1,1,27797947
1,3,299,40,515,185,2025-05-14 07:00:00,2025-05-14 11:00:00,14,0,3,0,1,27720443
1,2,13142,17,364,258,2025-05-07 13:00:00,2025-05-07 18:00:00,98,4,0,0,0,27771630
2,0,63604,23,888,103,2025-05-18 23:00:00,2025-05-19 01:00:00,14,4,3,1,1,27831835
1,2,12956,1,933,216,2025-05-02 08:00:00,2025-05-02 09:00:00,0,1,2,1,0,27448559
0,0,4,1,762,185,2025-05-10 02:00:00,2025-05-10 05:00:00,14,4,0,0,0,27721683
0,2,13552,14,11,197,2025-05-06 19:00:00,2025-05-06 21:00:00,18,1,1,1,1,27854327
0,3,13552,13,977,232,2025-05-06 10:00:00,2025-05-06 15:00:00,18,0,1,0,1,27571206
0,1,12350,54,623,192,2025-05-11 09:00:00,2025-05-11 10:00:00,31,1,3,1,1,27653912
0,3,12350,55,1049,65,2025-05-11 08:00:00,2025-05-11 13:00:00,18,1,3,1,0,27675429
0,1,324,4,705,162,2025-05-04 11:00:00,2025-05-04 13:00:00,31,3,3,1,1,27837393
2,3,199,2,592,97,2025-05-16 11:00:00,2025-05-16 12:00:00,14,3,2,0,0,27681117
2,1,13552,59,890,51,2025-05-02 15:00:00,2025-05-02 20:00:00,98,0,2,0,1,27905956
1,0,4,18,188,206,2025-05-08 10:00:00,2025-05-08 12:00:00,14,4,2,1,0,27720351
2,0,12580,57,332,61,2025-05-03 03:00:00,2025-05-03 05:00:00,18,1,0,0,1,27945347
0,1,327,1,889,165,2025-05-03 19:00:00,2025-05-03 22:00:00,18,3,1,1,0,27742743
1,2,13056,29,118,188,2025-05-03 15:00:00,2025-05-03 18:00:00,14,4,3,0,1,27891403
0,0,4,2,919,62,2025-05-18 08:00:00,2025-05-18 09:00:00,98,4,3,1,0,27409005
1,3,12956,29,893,160,2025-05-11 04:00:00,2025-05-11 06:00:00,18,3,1,1,0,27905487
2,0,13203,29,631,251,2025-05-11 09:00:00,2025-05-11 11:00:00,98,1,2,0,0,27428316
1,2,12350,15,29,143,2025-05-15 13:00:00,2025-05-15 15:00:00,0,0,1,1,0,27524376
0,2,12545,11,339,59,2025-05-04 16:00:00,2025-05-04 20:00:00,98,0,3,1,1,27422001
0,0,299,37,850,165,2025-05-18 23:00:00,2025-05-19 02:00:00,14,1,1,1,1,27885495
2,1,12307,9,767,126,2025-05-15 18:00:00,2025-05-15 19:00:00,98,1,3,1,0,27415444
2,2,324,29,622,160,2025-05-07 15:00:00,2025-05-07 16:00:00,18,1,1,1,0,27714890
0,0,13142,60,180,202,2025-05-02 12:00:00,2025-05-02 13:00:00,18,1,3,1,1,27787712
1,3,25,38,902,194,2025-05-17 19:00:00,2025-05-17 20:00:00,31,4,1,0,1,27620921
0,3,13142,56,1031,209,2025-05-12 06:00:00,2025-05-12 11:00:00,18,0,0,1,0,27424681
2,2,12580,63,49,216,2025-05-01 18:00:00,2025-05-01 19:00:00,98,4,3,0,0,27789627
0,3,12956,11,281,202,2025-05-18 19:00:00,2025-05-19 00:00:00,31,1,0,0,1,27482386
1,3,25,39,554,65,2025-05-03 16:00:00,2025-05-03 17:00:00,31,0,3,1,0,27529304
2,1,236,58,934,202,2025-05-10 02:00:00,2025-05-10 07:00:00,0,3,2,0,1,27588957
1,1,236,0,763,197,2025-05-07 07:00:00,2025-05-07 08:00:00,98,4,2,1,1,27865238
1,3,12306,55,164,258,2025-05-08 17:00:00,2025-05-08 19:00:00,14,1,1,1,1,27418336
0,3,187,60,118,228,2025-05-19 10:00:00,2025-05-19 11:00:00,18,0,3,1,0,27930620
2,1,2,46,897,126,2025-05-12 07:00:00,2025-05-12 08:00:00,31,0,2,1,1,27609550
2,0,327,59,1053,197,2025-05-16 09:00:00,2025-05-16 14:00:00,14,1,2,0,1,27549608
2,3,12545,0,1045,202,2025-05-05 20:00:00,2025-05-05 23:00:00,18,4,0,0,1,27821453
2,2,13142,30,322,202,2025-05-12 01:00:00,2025-05-12 04:00:00,18,1,2,1,0,27913435
2,0,324,4,500,51,2025-05-06 15:00:00,2025-05-06 19:00:00,14,0,0,1,1,27868859
1,3,13056,48,101,66,2025-05-14 20:00:00,2025-05-14 21:00:00,31,3,2,1,0,27766322
2,2,186,57,896,225,2025-05-06 08:00:00,2025-05-06 10:00:00,98,0,0,0,1,27932831
0,2,186,39,159,229,2025-05-17 14:00:00,2025-05-17 19:00:00,98,0,1,1,0,27920476
0,0,25,54,611,61,2025-05-07 18:00:00,2025-05-07 21:00:00,18,1,0,0,0,27626988
0,2,12307,58,910,228,2025-05-13 20:00:00,2025-05-13 21:00:00,14,0,3,0,1,27636895
0,0,2,42,306,61,2025-05-13 06:00:00,2025-05-13 08:00:00,98,0,2,0,1,27772066
2,0,236,55,658,216,2025-05-04 09:00:00,2025-05-04 10:00:00,18,3,2,0,1,27724842
1,0,12350,20,600,115,2025-05-03 11:00:00,2025-05-03 16:00:00,0,0,2,1,1,27882875
2,2,12307,4,934,181,2025-05-19 04:00:00,2025-05-19 06:00:00,98,4,3,1,0,27897182
2,1,2,52,101,225,2025-05-14 03:00:00,2025-05-14 07:00:00,18,4,0,1,1,27611342
0,3,199,56,847,115,2025-05-10 08:00:00,2025-05-10 10:00:00,0,0,2,1,1,27546105
0,3,186,41,1045,160,2025-05-02 13:00:00,2025-05-02 15:00:00,14,0,0,1,1,27843518
0,1,13552,8,1058,221,2025-05-09 02:00:00,2025-05-09 03:00:00,31,3,3,0,0,27760812
0,0,235,58,685,181,2025-05-01 22:00:00,2025-05-02 02:00:00,98,3,3,0,0,27820335
1,1,12306,37,72,165,2025-05-05 22:00:00,2025-05-06 02:00:00,0,3,0,1,1,27448052
1,2,119,65,977,181,2025-05-15 05:00:00,2025-05-15 08:00:00,0,4,3,0,0,27867394
0,0,199,2,127,63,2025-05-04 10:00:00,2025-05-04 15:00:00,14,1,0,1,1,27846545
0,0,12545,24,918,192,2025-05-12 22:00:00,2025-05-12 23:00:00,14,4,1,0,1,27869010
1,2,12544,26,915,228,2025-05-01 16:00:00,2025-05-01 21:00:00,98,4,3,0,0,27424616
2,3,12545,18,98,251,2025-05-17 23:00:00,2025-05-18 03:00:00,18,3,2,0,0,27547494
2,2,25,43,272,66,2025-05-17 04:00:00,2025-05-17 09:00:00,0,0,0,1,0,27417117
2,0,13552,30,712,185,2025-05-04 05:00:00,2025-05-04 06:00:00,0,4,3,1,0,27694964
0,0,1,64,382,143,2025-05-19 07:00:00,2025-05-19 12:00:00,18,0,1,1,0,27794968
1,3,63604,18,895,160,2025-05-04 16:00:00,2025-05-04 19:00:00,18,1,3,1,0,27813904
0,3,12308,11,623,230,2025-05-13 09:00:00,2025-05-13 10:00:00,0,3,0,0,0,27407530
0,1,13203,63,840,185,2025-05-07 09:00:00,2025-05-07 14:00:00,0,4,3,0,1,27570590
2,0,235,13,965,225,2025-05-12 11:00:00,2025-05-12 14:00:00,18,4,3,0,1,27942990
2,2,12544,54,862,258,2025-05-11 19:00:00,2025-05-11 23:00:00,18,4,2,1,0,27755670
1,3,13203,49,522,198,2025-05-11 21:00:00,2025-05-11 23:00:00,0,1,0,1,1,27638159
1,1,12956,48,919,192,2025-05-11 08:00:00,2025-05-11 10:00:00,0,4,3,1,0,27545746
0,2,12306,28,622,169,2025-05-17 15:00:00,2025-05-17 16:00:00,18,3,3,1,1,27618396
0,1,119,37,161,208,2025-05-02 03:00:00,2025-05-02 05:00:00,98,4,0,0,0,27685367
0,2,13552,25,522,205,2025-05-06 15:00:00,2025-05-06 17:00:00,98,4,1,1,1,27924765
2,2,13056,33,881,176,2025-05-16 22:00:00,2025-05-17 02:00:00,0,4,2,0,1,27897182
0,1,119,51,699,63,2025-05-15 13:00:00,2025-05-15 16:00:00,98,0,0,1,0,27883145
2,2,2,63,1045,225,2025-05-04 01:00:00,2025-05-04 03:00:00,98,0,1,0,0,27779056
0,3,12306,22,294,59,2025-05-09 01:00:00,2025-05-09 05:00:00,0,4,0,0,1,27816179
0,3,199,8,796,216,2025-05-02 11:00:00,2025-05-02 12:00:00,98,4,3,0,1,27407530
1,3,12956,28,1046,192,2025-05-13 16:00:00,2025-05-13 19:00:00,31,0,2,0,0,27689366
1,3,235,0,916,221,2025-05-09 10:00:00,2025-05-09 14:00:00,98,0,0,1,1,27635293
2,2,12306,5,1038,258,2025-05-06 20:00:00,2025-05-06 21:00:00,98,4,2,0,1,27710637
1,0,12350,43,339,161,2025-05-14 10:00:00,2025-05-14 13:00:00,14,0,2,0,0,27527681
2,1,324,53,283,145,2025-05-04 23:00:00,2025-05-05 00:00:00,98,0,0,0,0,27573577
0,2,4,19,991,162,2025-05-09 01:00:00,2025-05-09 03:00:00,98,4,0,0,0,27925711
0,0,12308,5,29,225,2025-05-19 00:00:00,2025-05-19 02:00:00,18,3,0,0,1,27798950
1,2,63604,0,1048,192,2025-05-15 14:00:00,2025-05-15 17:00:00,18,1,2,1,0,27530672
0,2,327,2,1059,145,2025-05-18 15:00:00,2025-05-18 20:00:00,0,4,0,0,0,27417576
2,0,13142,31,576,145,2025-05-04 23:00:00,2025-05-05 01:00:00,14,3,1,1,0,27781677
1,2,235,60,636,167,2025-05-11 04:00:00,2025-05-11 09:00:00,0,0,0,0,1,27945347
1,3,12350,48,973,101,2025-05-06 09:00:00,2025-05-06 11:00:00,0,0,3,1,0,27918898
0,0,12545,56,562,167,2025-05-12 14:00:00,2025-05-12 16:00:00,0,0,1,1,0,27749502
2,2,327,0,1008,206,2025-05-19 11:00:00,2025-05-19 15:00:00,31,4,1,0,1,27527032
1,1,299,43,379,101,2025-05-09 14:00:00,2025-05-09 15:00:00,31,0,0,1,0,27946544
1,0,13142,22,762,115,2025-05-17 11:00:00,2025-05-17 15:00:00,31,4,0,1,0,27894816
2,2,236,58,712,103,2025-05-09 14:00:00,2025-05-09 15:00:00,31,1,1,1,1,27834872
1,0,12544,14,125,101,2025-05-01 11:00:00,2025-05-01 12:00:00,31,4,0,1,0,27925189
0,3,12580,47,242,115,2025-05-08 10:00:00,2025-05-08 14:00:00,31,1,1,0,1,27429089
1,2,25,5,704,202,2025-05-10 07:00:00,2025-05-10 10:00:00,98,4,0,1,1,27645251
2,0,12545,46,981,209,2025-05-09 03:00:00,2025-05-09 04:00:00,98,0,2,0,0,27747001
0,2,63604,32,180,162,2025-05-07 06:00:00,2025-05-07 08:00:00,98,1,2,1,1,27856294
1,0,186,35,699,181,2025-05-16 00:00:00,2025-05-16 04:00:00,31,3,2,1,1,27546847
0,1,4,24,901,60,2025-05-16 21:00:00,2025-05-16 23:00:00,0,3,2,1,1,27773933
0,2,1,42,919,232,2025-05-14 08:00:00,2025-05-14 13:00:00,98,0,3,0,1,27415621
1,1,13552,1,149,59,2025-05-09 03:00:00,2025-05-09 08:00:00,18,0,2,1,1,27809336
1,2,2,3,851,208,2025-05-15 14:00:00,2025-05-15 19:00:00,31,4,2,1,0,27706564
2,0,1,31,478,230,2025-05-06 11:00:00,2025-05-06 13:00:00,14,3,0,0,0,27636117
2,2,12545,33,687,221,2025-05-12 03:00:00,2025-05-12 05:00:00,0,4,2,1,0,27853245
1,2,12307,30,845,126,2025-05-02 19:00:00,2025-05-02 20:00:00,14,4,0,0,1,27716705
2,0,12545,43,904,129,2025-05-06 20:00:00,2025-05-06 21:00:00,31,4,0,1,0,27710014
2,2,186,64,63,176,2025-05-05 13:00:00,2025-05-05 17:00:00,18,4,0,1,0,27492013
2,1,327,35,899,221,2025-05-16 23:00:00,2025-05-17 02:00:00,14,0,1,1,0,27743525
1,1,12307,3,1028,143,2025-05-16 02:00:00,2025-05-16 04:00:00,14,3,3,0,0,27448050
2,3,4,29,1028,229,2025-05-01 00:00:00,2025-05-01 05:00:00,18,1,0,0,1,27694935
0,0,13056,30,127,97,2025-05-19 19:00:00,2025-05-19 23:00:00,0,0,3,0,0,27655752
0,0,13056,62,1033,142,2025-05-13 11:00:00,2025-05-13 16:00:00,14,1,0,1,1,27860730
2,2,187,66,704,161,2025-05-04 05:00:00,2025-05-04 07:00:00,31,3,3,1,1,27608444
0,3,12956,59,657,165,2025-05-06 00:00:00,2025-05-06 05:00:00,98,0,2,1,1,27492007
1,2,13552,9,1031,59,2025-05-12 05:00:00,2025-05-12 07:00:00,18,4,0,0,1,27622347
1,3,25,16,21,97,2025-05-10 20:00:00,2025-05-10 23:00:00,14,3,2,1,1,27700742
0,0,13142,3,901,225,2025-05-10 00:00:00,2025-05-10 05:00:00,31,0,2,0,1,27906764
1,1,12545,0,1045,185,2025-05-05 06:00:00,2025-05-05 07:00:00,18,0,2,0,0,27816326
2,2,13142,39,534,61,2025-05-11 11:00:00,2025-05-11 13:00:00,0,0,0,1,0,27841070
0,2,327,16,910,251,2025-05-06 00:00:00,2025-05-06 01:00:00,14,0,2,1,0,27738203
2,0,12544,48,896,160,2025-05-15 14:00:00,2025-05-15 15:00:00,0,1,0,1,0,27531245
2,1,12544,31,68,63,2025-05-19 10:00:00,2025-05-19 11:00:00,0,3,1,0,0,27476302
2,0,12350,57,593,162,2025-05-08 14:00:00,2025-05-08 15:00:00,0,0,2,1,0,27827476
2,3,236,30,47,206,2025-05-08 11:00:00,2025-05-08 15:00:00,14,1,0,0,1,27492007
2,0,12350,48,545,126,2025-05-09 03:00:00,2025-05-09 06:00:00,14,0,3,1,1,27558109
0,3,235,38,1042,198,2025-05-01 08:00:00,2025-05-01 13:00:00,0,0,3,0,1,27675429
0,0,12956,36,478,206,2025-05-07 20:00:00,2025-05-07 21:00:00,0,4,2,0,0,27418341
2,2,235,48,1008,206,2025-05-09 10:00:00,2025-05-09 15:00:00,98,1,0,0,0,27840773
0,3,25,51,622,61,2025-05-01 09:00:00,2025-05-01 10:00:00,18,0,3,1,0,27463838
0,2,235,60,832,51,2025-05-04 16:00:00,2025-05-04 19:00:00,98,1,3,1,1,27638166
2,3,25,43,995,258,2025-05-06 21:00:00,2025-05-07 02:00:00,98,1,0,0,0,27812340
0,0,63604,1,945,216,2025-05-14 08:00:00,2025-05-14 09:00:00,31,1,0,1,0,27917629
2,3,324,43,704,198,2025-05-13 09:00:00,2025-05-13 12:00:00,31,3,3,1,1,27884348
1,3,13142,44,576,60,2025-05-06 22:00:00,2025-05-07 00:00:00,18,1,0,1,0,27874053
1,3,235,9,1056,188,2025-05-16 19:00:00,2025-05-16 20:00:00,31,1,2,0,1,27916802
1,0,12580,55,560,181,2025-05-13 02:00:00,2025-05-13 06:00:00,18,3,3,0,0,27920093
0,1,187,64,1052,181,2025-05-19 18:00:00,2025-05-19 19:00:00,98,4,0,1,0,27918132
1,1,12307,61,888,63,2025-05-02 15:00:00,2025-05-02 18:00:00,0,1,0,0,0,27774898
2,0,327,0,795,186,2025-05-17 08:00:00,2025-05-17 10:00:00,18,3,0,0,0,27783056
0,2,25,0,1059,160,2025-05-07 21:00:00,2025-05-08 00:00:00,18,0,3,1,0,27741912
2,2,25,56,56,59,2025-05-11 11:00:00,2025-05-11 13:00:00,18,4,3,1,1,27420446
0,1,12308,46,515,216,2025-05-18 03:00:00,2025-05-18 07:00:00,0,3,1,1,0,27416283
1,2,236,40,957,65,2025-05-05 07:00:00,2025-05-05 12:00:00,0,3,2,1,0,27805011
1,1,4,32,889,101,2025-05-19 02:00:00,2025-05-19 04:00:00,14,0,0,0,0,27827593
1,2,12580,20,294,66,2025-05-07 10:00:00,2025-05-07 13:00:00,0,1,2,1,1,27415558
1,0,119,52,1034,143,2025-05-14 04:00:00,2025-05-14 07:00:00,14,4,0,0,0,27705582
2,2,13056,29,928,202,2025-05-12 09:00:00,2025-05-12 12:00:00,18,0,3,1,0,27897443
2,0,12307,0,901,165,2025-05-04 00:00:00,2025-05-04 01:00:00,0,0,2,1,0,27728741
0,2,12307,25,941,208,2025-05-04 12:00:00,2025-05-04 13:00:00,0,0,1,0,1,27889790
1,2,13056,25,324,62,2025-05-09 15:00:00,2025-05-09 16:00:00,14,0,0,1,1,27586414
1,2,12544,51,1044,258,2025-05-05 08:00:00,2025-05-05 11:00:00,31,4,2,0,1,27829226
1,1,187,50,272,102,2025-05-08 03:00:00,2025-05-08 08:00:00,14,0,0,1,0,27710014
2,3,4,4,315,102,2025-05-14 02:00:00,2025-05-14 06:00:00,14,4,2,1,1,27488419
0,0,235,20,79,165,2025-05-04 04:00:00,2025-05-04 05:00:00,18,3,2,0,0,27733469
2,0,12956,57,600,62,2025-05-10 00:00:00,2025-05-10 04:00:00,31,0,1,0,1,27417202
0,2,12956,61,382,209,2025-05-18 12:00:00,2025-05-18 16:00:00,0,1,3,1,0,27839681
2,2,4,32,832,101,2025-05-10 20:00:00,2025-05-11 01:00:00,0,0,1,0,0,27799922
1,1,236,57,917,207,2025-05-08 10:00:00,2025-05-08 14:00:00,18,1,3,0,0,27815944
0,0,12306,16,933,103,2025-05-10 06:00:00,2025-05-10 11:00:00,98,3,1,1,1,27760184
2,2,12956,27,1038,202,2025-05-17 09:00:00,2025-05-17 13:00:00,18,4,1,0,1,27530768
0,2,12308,30,515,129,2025-05-05 04:00:00,2025-05-05 07:00:00,18,0,3,0,0,27766152
0,0,199,31,776,129,2025-05-15 00:00:00,2025-05-15 02:00:00,18,4,1,0,1,27740754
1,1,25,28,628,202,2025-05-08 07:00:00,2025-05-08 12:00:00,18,4,0,0,0,27611342
2,2,187,26,162,101,2025-05-04 03:00:00,2025-05-04 05:00:00,0,1,1,1,1,27913938
2,0,63604,30,1016,143,2025-05-05 05:00:00,2025-05-05 10:00:00,0,4,1,1,0,27861389
2,3,327,36,895,60,2025-05-15 05:00:00,2025-05-15 09:00:00,0,4,0,0,1,27651322
2,0,13203,57,554,66,2025-05-04 22:00:00,2025-05-05 02:00:00,14,0,3,0,1,27403883
0,3,199,46,886,202,2025-05-13 18:00:00,2025-05-13 19:00:00,0,4,1,0,1,27807799
0,0,324,25,57,103,2025-05-17 14:00:00,2025-05-17 19:00:00,0,1,1,1,1,27366444
1,0,187,1,1050,258,2025-05-13 21:00:00,2025-05-13 22:00:00,98,4,0,0,0,27685367
2,0,4,63,893,221,2025-05-16 10:00:00,2025-05-16 14:00:00,98,0,2,0,0,27826190
2,0,12544,38,850,206,2025-05-19 12:00:00,2025-05-19 16:00:00,0,3,1,0,1,27908945
1,0,13142,31,234,160,2025-05-06 00:00:00,2025-05-06 04:00:00,98,4,2,1,1,27719323
1,1,13142,9,636,145,2025-05-08 22:00:00,2025-05-09 00:00:00,18,4,1,1,1,27706409
1,0,12306,66,315,129,2025-05-11 05:00:00,2025-05-11 10:00:00,0,0,3,0,0,27711349
1,2,13142,54,592,186,2025-05-01 22:00:00,2025-05-02 01:00:00,31,1,2,1,1,27719323
2,1,235,52,161,97,2025-05-05 08:00:00,2025-05-05 13:00:00,31,4,1,1,0,27944501
1,2,1,37,560,230,2025-05-04 06:00:00,2025-05-04 09:00:00,14,1,0,1,1,27422486
1,0,12306,11,27,59,2025-05-11 06:00:00,2025-05-11 08:00:00,18,1,2,0,1,27415492
2,2,13552,62,1048,207,2025-05-15 00:00:00,2025-05-15 02:00:00,0,1,3,0,0,27812214
2,1,12545,50,903,126,2025-05-06 02:00:00,2025-05-06 04:00:00,18,3,1,0,0,27558109
2,1,63604,8,886,60,2025-05-02 03:00:00,2025-05-02 06:00:00,0,1,0,1,0,27906818
2,1,4,31,611,229,2025-05-05 01:00:00,2025-05-05 04:00:00,98,1,2,1,1,27940306
0,1,13203,3,971,60,2025-05-15 00:00:00,2025-05-15 03:00:00,98,4,3,1,0,27930620
2,1,236,25,1058,66,2025-05-04 20:00:00,2025-05-04 23:00:00,18,3,3,1,1,27906818
2,1,199,4,56,232,2025-05-16 06:00:00,2025-05-16 07:00:00,14,3,2,0,0,27806957
1,3,12350,22,711,103,2025-05-09 16:00:00,2025-05-09 17:00:00,0,0,2,1,0,27687821
2,2,324,17,934,165,2025-05-12 07:00:00,2025-05-12 09:00:00,0,1,0,0,1,27704760
2,3,25,25,1038,97,2025-05-10 11:00:00,2025-05-10 14:00:00,18,4,0,1,1,27883867
2,0,13056,14,1008,176,2025-05-14 23:00:00,2025-05-15 00:00:00,98,4,3,1,0,27416283
0,2,236,18,687,206,2025-05-19 06:00:00,2025-05-19 09:00:00,98,0,3,0,0,27903433
1,2,299,25,72,232,2025-05-07 23:00:00,2025-05-08 01:00:00,98,0,0,0,1,27862030
0,1,4,3,379,194,2025-05-07 22:00:00,2025-05-08 00:00:00,98,3,2,0,0,27817737
0,3,12580,17,686,194,2025-05-16 04:00:00,2025-05-16 09:00:00,31,1,2,1,0,27737908
2,1,12350,25,933,161,2025-05-18 18:00:00,2025-05-18 20:00:00,14,4,2,0,0,27720059
0,1,12580,56,930,209,2025-05-16 12:00:00,2025-05-16 15:00:00,98,3,3,0,0,27926420
1,0,199,9,67,194,2025-05-12 23:00:00,2025-05-13 03:00:00,0,0,1,0,1,27693566
2,1,119,27,1031,169,2025-05-15 08:00:00,2025-05-15 12:00:00,18,1,0,0,0,27696873
1,1,12580,10,888,66,2025-05-07 19:00:00,2025-05-07 23:00:00,0,3,0,1,0,27421222
2,2,13056,4,281,202,2025-05-03 03:00:00,2025-05-03 06:00:00,31,1,3,1,1,27927782
1,0,13056,19,707,258,2025-05-06 18:00:00,2025-05-06 22:00:00,18,1,0,1,1,27854241
2,3,299,39,337,102,2025-05-12 12:00:00,2025-05-12 14:00:00,18,0,3,0,0,27420998
0,3,12545,1,831,232,2025-05-19 17:00:00,2025-05-19 20:00:00,31,3,0,0,1,27877671
2,1,119,30,431,169,2025-05-14 10:00:00,2025-05-14 12:00:00,14,4,0,1,1,27797426
2,0,324,3,118,198,2025-05-03 02:00:00,2025-05-03 06:00:00,98,0,3,0,0,27942328
0,3,1,31,912,192,2025-05-14 08:00:00,2025-05-14 09:00:00,14,1,1,0,1,27384012
1,2,1,59,57,221,2025-05-05 07:00:00,2025-05-05 08:00:00,31,1,0,1,0,27914822
2,1,299,25,1038,101,2025-05-19 01:00:00,2025-05-19 06:00:00,14,1,3,0,0,27473030
1,2,186,0,332,203,2025-05-06 16:00:00,2025-05-06 19:00:00,98,1,3,0,0,27797947
1,2,13142,38,118,62,2025-05-14 06:00:00,2025-05-14 07:00:00,98,0,0,0,0,27483421
0,1,63604,48,161,185,2025-05-13 22:00:00,2025-05-14 00:00:00,31,0,1,0,0,27730819
0,1,12544,27,631,232,2025-05-10 16:00:00,2025-05-10 19:00:00,0,4,2,0,0,27939340
1,2,12956,61,798,161,2025-05-03 23:00:00,2025-05-04 01:00:00,14,0,1,1,1,27727854
0,2,187,20,711,230,2025-05-09 02:00:00,2025-05-09 05:00:00,0,1,1,1,0,27574847
0,1,2,41,934,198,2025-05-13 11:00:00,2025-05-13 16:00:00,0,1,2,1,0,27632664
0,2,1,61,762,205,2025-05-16 20:00:00,2025-05-16 21:00:00,18,3,0,0,1,27906207
0,0,12545,61,791,66,2025-05-13 21:00:00,2025-05-14 02:00:00,14,3,1,1,1,27812257
2,2,327,35,1031,209,2025-05-18 00:00:00,2025-05-18 01:00:00,98,4,1,1,0,27749118
1,2,186,47,130,181,2025-05-18 03:00:00,2025-05-18 05:00:00,14,3,2,1,1,27618582
1,1,12350,47,841,202,2025-05-15 12:00:00,2025-05-15 16:00:00,98,0,2,0,1,27818031
0,2,327,18,21,62,2025-05-11 17:00:00,2025-05-11 21:00:00,14,1,1,0,0,27745428
0,1,327,41,896,209,2025-05-01 01:00:00,2025-05-01 05:00:00,14,4,0,0,1,27604081
1,1,25,34,1038,197,2025-05-04 22:00:00,2025-05-04 23:00:00,98,0,2,0,0,27770867
2,3,2,65,444,216,2025-05-14 19:00:00,2025-05-14 22:00:00,31,1,3,0,1,27792864
0,2,13203,11,928,102,2025-05-01 04:00:00,2025-05-01 07:00:00,31,1,3,1,0,27726392
2,3,324,5,995,65,2025-05-11 06:00:00,2025-05-11 07:00:00,0,4,3,0,0,27410928
0,2,13552,3,69,51,2025-05-10 07:00:00,2025-05-10 12:00:00,0,0,2,0,1,27476306
0,3,13056,44,896,228,2025-05-18 02:00:00,2025-05-18 03:00:00,98,0,0,1,0,27530726
0,2,12306,55,546,97,2025-05-08 01:00:00,2025-05-08 06:00:00,98,3,0,0,0,27423265
1,0,327,49,339,216,2025-05-13 07:00:00,2025-05-13 08:00:00,0,1,2,1,1,27758471
1,2,13142,1,862,60,2025-05-10 06:00:00,2025-05-10 11:00:00,98,1,2,1,1,27367558
2,0,327,14,665,251,2025-05-04 16:00:00,2025-05-04 21:00:00,31,4,3,1,1,27704503
0,2,2,8,902,176,2025-05-09 03:00:00,2025-05-09 05:00:00,31,3,1,0,0,27760557
0,2,1,25,916,102,2025-05-07 03:00:00,2025-05-07 08:00:00,31,3,3,0,0,27834872
1,0,12350,58,1049,251,2025-05-19 09:00:00,2025-05-19 11:00:00,98,4,3,1,0,27546265
0,2,12308,42,698,194,2025-05-19 17:00:00,2025-05-19 20:00:00,0,1,3,1,0,27431888
0,2,63604,37,1016,63,2025-05-14 07:00:00,2025-05-14 10:00:00,14,1,3,1,1,27890070
2,1,12307,60,125,228,2025-05-15 17:00:00,2025-05-15 20:00:00,18,1,0,1,1,27711296
2,0,199,28,981,251,2025-05-07 16:00:00,2025-05-07 17:00:00,98,0,2,0,1,27745778
1,1,13056,54,973,251,2025-05-02 17:00:00,2025-05-02 18:00:00,18,1,1,1,0,27862178
2,2,235,43,895,165,2025-05-13 18:00:00,2025-05-13 19:00:00,18,4,2,0,1,27853435
1,1,235,54,776,142,2025-05-14 22:00:00,2025-05-14 23:00:00,18,0,0,1,1,27655755
2,3,13142,9,953,143,2025-05-16 02:00:00,2025-05-16 05:00:00,98,0,0,1,1,27905531
1,3,12545,2,69,230,2025-05-02 12:00:00,2025-05-02 16:00:00,31,4,1,0,1,27792864
2,1,235,41,887,51,2025-05-17 11:00:00,2025-05-17 15:00:00,98,4,0,0,1,27811882
1,3,12307,48,925,165,2025-05-03 01:00:00,2025-05-03 05:00:00,14,0,3,0,0,27782807
0,0,2,27,704,221,2025-05-05 05:00:00,2025-05-05 09:00:00,18,4,0,1,0,27810318
0,2,236,22,885,205,2025-05-09 09:00:00,2025-05-09 10:00:00,14,0,3,1,1,27524376
2,0,299,4,933,143,2025-05-17 09:00:00,2025-05-17 12:00:00,98,3,0,0,1,27692378
1,1,199,1,918,51,2025-05-10 18:00:00,2025-05-10 20:00:00,18,3,2,1,1,27741766
0,0,236,50,891,165,2025-05-14 08:00:00,2025-05-14 11:00:00,0,0,1,0,0,27727586
2,1,12544,23,201,232,2025-05-05 12:00:00,2025-05-05 13:00:00,31,3,1,1,1,27909794
0,1,199,4,126,63,2025-05-01 00:00:00,2025-05-01 04:00:00,98,4,2,1,0,27853989
2,0,324,33,580,221,2025-05-08 20:00:00,2025-05-09 01:00:00,18,0,1,1,0,27917629
0,0,63604,64,910,221,2025-05-17 16:00:00,2025-05-17 17:00:00,14,4,0,0,0,27841935
1,2,12545,39,72,258,2025-05-12 03:00:00,2025-05-12 08:00:00,98,0,2,1,1,27720719
2,1,324,13,306,162,2025-05-02 14:00:00,2025-05-02 18:00:00,18,0,2,1,1,27678724
2,3,12308,32,881,65,2025-05-16 15:00:00,2025-05-16 17:00:00,18,1,0,1,0,27909132
0,1,187,14,1039,197,2025-05-15 01:00:00,2025-05-15 06:00:00,31,0,1,0,0,27486226
1,1,4,56,897,160,2025-05-02 04:00:00,2025-05-02 05:00:00,18,4,3,1,1,27461841
2,2,12580,47,847,61,2025-05-07 07:00:00,2025-05-07 12:00:00,98,4,1,0,0,27742743
0,1,12306,29,27,209,2025-05-14 01:00:00,2025-05-14 02:00:00,14,1,0,1,1,27725109
2,0,12306,0,473,208,2025-05-12 15:00:00,2025-05-12 19:00:00,14,1,1,1,1,27701492
0,2,235,57,665,126,2025-05-16 16:00:00,2025-05-16 17:00:00,18,1,0,1,1,27754733
0,2,12306,63,569,101,2025-05-10 09:00:00,2025-05-10 12:00:00,18,0,1,1,0,27729437
1,2,4,49,332,63,2025-05-05 23:00:00,2025-05-06 02:00:00,0,4,1,1,0,27780269
0,2,187,5,382,225,2025-05-07 11:00:00,2025-05-07 14:00:00,31,1,3,0,0,27651224
2,2,12350,34,916,63,2025-05-09 09:00:00,2025-05-09 12:00:00,14,3,1,1,1,27855004
2,2,1,8,583,209,2025-05-10 03:00:00,2025-05-10 05:00:00,98,4,3,0,0,27867394
0,2,12307,10,1054,143,2025-05-19 08:00:00,2025-05-19 10:00:00,14,4,3,0,1,27482386
2,0,12545,24,52,176,2025-05-15 12:00:00,2025-05-15 13:00:00,31,0,0,0,0,27855019
2,1,299,3,991,160,2025-05-18 08:00:00,2025-05-18 13:00:00,0,4,3,1,0,27896719
0,1,12306,26,1039,60,2025-05-01 16:00:00,2025-05-01 19:00:00,98,1,3,1,1,27752291
2,0,4,0,1039,203,2025-05-18 21:00:00,2025-05-19 02:00:00,18,1,3,0,0,27716705
0,0,13056,60,583,129,2025-05-01 01:00:00,2025-05-01 06:00:00,31,3,3,1,0,27853989
0,1,12308,13,917,258,2025-05-04 15:00:00,2025-05-04 16:00:00,98,3,2,1,0,27754733
2,0,12580,31,34,202,2025-05-10 22:00:00,2025-05-10 23:00:00,14,0,0,1,1,27849369
0,1,12956,23,636,143,2025-05-16 13:00:00,2025-05-16 16:00:00,98,4,2,0,0,27938009
0,0,4,38,315,188,2025-05-05 12:00:00,2025-05-05 15:00:00,18,0,1,0,1,27943907
0,0,12308,54,1053,167,2025-05-07 07:00:00,2025-05-07 09:00:00,14,4,3,0,0,27906227
2,3,63604,39,985,228,2025-05-18 22:00:00,2025-05-19 00:00:00,0,3,3,0,0,27907444
0,1,236,46,1059,216,2025-05-05 07:00:00,2025-05-05 12:00:00,31,1,1,0,1,27877671
0,3,186,44,1006,160,2025-05-04 00:00:00,2025-05-04 04:00:00,18,3,1,0,0,27918599
0,0,12350,58,850,176,2025-05-19 18:00:00,2025-05-19 21:00:00,18,3,1,1,1,27760184
0,1,2,1,1016,63,2025-05-12 04:00:00,2025-05-12 06:00:00,14,4,0,1,0,27578031
1,3,13203,39,101,61,2025-05-06 00:00:00,2025-05-06 04:00:00,14,4,3,0,0,27622565
1,2,12956,41,851,169,2025-05-04 19:00:00,2025-05-05 00:00:00,31,1,2,1,0,27894558
2,3,12956,33,373,63,2025-05-14 21:00:00,2025-05-14 22:00:00,14,0,0,0,1,27577744
0,1,13552,64,244,232,2025-05-14 04:00:00,2025-05-14 09:00:00,98,0,0,0,1,27563103
2,0,63604,38,379,225,2025-05-08 13:00:00,2025-05-08 14:00:00,14,0,1,0,1,27418083
2,2,12308,13,897,65,2025-05-01 02:00:00,2025-05-01 03:00:00,31,1,2,1,0,27823499
2,2,25,26,251,229,2025-05-19 17:00:00,2025-05-19 20:00:00,98,1,1,1,0,27831835
2,0,12580,31,233,126,2025-05-10 17:00:00,2025-05-10 21:00:00,14,4,0,1,1,27820335
2,1,13552,54,698,142,2025-05-02 06:00:00,2025-05-02 11:00:00,18,3,2,0,1,27578145
1,0,187,14,511,51,2025-05-07 20:00:00,2025-05-07 21:00:00,18,1,1,1,0,27699627
1,3,4,0,266,167,2025-05-06 23:00:00,2025-05-07 02:00:00,14,1,1,1,1,27910377
0,3,2,39,379,205,2025-05-16 04:00:00,2025-05-16 06:00:00,18,3,0,1,1,27670945
1,0,13056,42,55,202,2025-05-08 14:00:00,2025-05-08 16:00:00,31,0,0,0,1,27887971
0,2,13056,34,881,169,2025-05-08 08:00:00,2025-05-08 10:00:00,98,1,2,1,1,27779267
1,3,12350,48,545,208,2025-05-17 03:00:00,2025-05-17 08:00:00,98,3,1,1,1,27486612
0,3,12350,18,126,192,2025-05-01 14:00:00,2025-05-01 16:00:00,31,1,2,0,1,27929894
2,2,13552,4,583,206,2025-05-04 12:00:00,2025-05-04 13:00:00,14,0,1,0,0,27384392
1,2,299,30,902,129,2025-05-13 05:00:00,2025-05-13 09:00:00,0,1,1,0,0,27910377
1,1,199,40,872,251,2025-05-16 03:00:00,2025-05-16 06:00:00,31,4,1,1,1,27448808
0,0,324,40,11,251,2025-05-07 04:00:00,2025-05-07 09:00:00,98,3,1,0,0,27470141
2,0,324,22,890,206,2025-05-18 02:00:00,2025-05-18 07:00:00,14,1,0,0,0,27916802
0,0,119,28,1034,61,2025-05-17 10:00:00,2025-05-17 14:00:00,18,1,0,0,1,27763453
1,3,12956,56,721,203,2025-05-03 03:00:00,2025-05-03 04:00:00,98,0,0,0,0,27780941
0,2,236,43,592,225,2025-05-10 04:00:00,2025-05-10 07:00:00,31,4,0,0,1,27635469
2,2,12307,19,971,228,2025-05-13 03:00:00,2025-05-13 05:00:00,14,3,2,0,0,27748484
1,3,63604,15,560,59,2025-05-08 20:00:00,2025-05-08 21:00:00,14,0,1,0,1,27741448
0,2,12308,30,431,207,2025-05-07 00:00:00,2025-05-07 02:00:00,0,1,1,0,1,27906227
0,3,12544,65,1006,161,2025-05-14 05:00:00,2025-05-14 09:00:00,14,0,0,1,1,27686547
2,0,13203,39,164,221,2025-05-19 16:00:00,2025-05-19 21:00:00,18,3,3,0,1,27891933
1,3,13203,14,49,228,2025-05-02 04:00:00,2025-05-02 08:00:00,18,3,2,1,1,27658345
2,1,13056,41,973,192,2025-05-09 21:00:00,2025-05-10 02:00:00,14,4,1,0,1,27821284
0,0,12544,24,899,209,2025-05-19 23:00:00,2025-05-20 03:00:00,98,1,3,1,1,27741025
1,2,12956,50,242,160,2025-05-01 10:00:00,2025-05-01 14:00:00,0,0,3,1,1,27433457
0,3,299,5,118,232,2025-05-14 18:00:00,2025-05-14 23:00:00,31,1,2,1,0,27913435
1,3,12580,1,707,181,2025-05-14 18:00:00,2025-05-14 19:00:00,14,0,2,0,0,27878828
1,0,186,66,1034,142,2025-05-16 16:00:00,2025-05-16 21:00:00,98,3,2,0,1,27635295
1,3,236,27,1058,61,2025-05-05 01:00:00,2025-05-05 04:00:00,98,0,1,0,1,27765183
2,2,25,63,561,232,2025-05-07 19:00:00,2025-05-07 23:00:00,98,3,1,0,1,27509321
1,0,13203,66,600,232,2025-05-16 03:00:00,2025-05-16 05:00:00,31,1,3,0,1,27682223
0,1,12350,27,893,59,2025-05-05 09:00:00,2025-05-05 11:00:00,14,4,1,1,0,27682170
1,1,25,59,47,205,2025-05-06 17:00:00,2025-05-06 20:00:00,31,4,3,0,1,27565598
0,0,186,42,890,205,2025-05-07 22:00:00,2025-05-07 23:00:00,98,0,2,1,0,27758383
1,2,4,32,896,185,2025-05-06 17:00:00,2025-05-06 19:00:00,31,1,2,1,0,27416081
2,1,327,16,973,203,2025-05-15 21:00:00,2025-05-16 00:00:00,31,3,1,1,1,27827759
0,1,12306,30,1036,160,2025-05-14 04:00:00,2025-05-14 07:00:00,0,3,1,1,0,27801773
1,0,119,50,406,229,2025-05-01 03:00:00,2025-05-01 06:00:00,31,1,3,0,0,27860531
1,0,12580,15,721,225,2025-05-03 02:00:00,2025-05-03 03:00:00,14,1,3,1,1,27732504
1,0,13056,27,930,63,2025-05-16 17:00:00,2025-05-16 22:00:00,31,4,2,0,1,27429495
2,1,13142,32,560,129,2025-05-02 04:00:00,2025-05-02 08:00:00,14,0,2,0,0,27437677
1,1,25,5,382,181,2025-05-14 03:00:00,2025-05-14 08:00:00,18,0,1,1,1,27421222
2,0,12306,18,941,192,2025-05-18 05:00:00,2025-05-18 08:00:00,18,3,1,1,1,27415558
0,2,4,34,1056,207,2025-05-10 23:00:00,2025-05-11 03:00:00,14,1,1,0,1,27635934
2,1,12306,52,323,160,2025-05-11 17:00:00,2025-05-11 18:00:00,18,3,1,0,0,27890094
0,3,187,52,56,61,2025-05-17 16:00:00,2025-05-17 21:00:00,98,3,2,1,1,27651279
2,2,4,37,373,60,2025-05-09 13:00:00,2025-05-09 16:00:00,18,3,1,0,0,27691486
2,1,12956,49,101,165,2025-05-15 07:00:00,2025-05-15 08:00:00,14,3,1,0,1,27545446
1,3,186,36,934,206,2025-05-09 23:00:00,2025-05-10 00:00:00,0,3,1,1,1,27822409
1,0,13203,24,1045,251,2025-05-16 06:00:00,2025-05-16 08:00:00,14,1,3,1,1,27894493
2,2,12308,61,593,165,2025-05-11 09:00:00,2025-05-11 10:00:00,31,3,0,0,0,27420505
2,3,299,23,1040,61,2025-05-18 04:00:00,2025-05-18 08:00:00,18,3,0,1,1,27711349
1,2,1,8,889,62,2025-05-15 10:00:00,2025-05-15 12:00:00,98,4,1,1,1,27876794
2,0,186,46,643,63,2025-05-15 23:00:00,2025-05-16 02:00:00,14,0,2,1,0,27932017
1,0,12544,5,611,228,2025-05-12 06:00:00,2025-05-12 08:00:00,0,1,2,1,1,27411128
2,2,12580,23,785,65,2025-05-19 17:00:00,2025-05-19 22:00:00,31,4,0,0,0,27415492
1,2,13203,64,845,126,2025-05-05 08:00:00,2025-05-05 11:00:00,31,4,1,0,0,27837658
2,1,236,41,522,225,2025-05-18 07:00:00,2025-05-18 11:00:00,0,0,0,1,0,27573577
1,2,12545,53,27,62,2025-05-04 06:00:00,2025-05-04 10:00:00,14,4,3,0,0,27545552
2,3,2,66,1046,102,2025-05-08 10:00:00,2025-05-08 14:00:00,31,1,2,1,1,27634425
2,2,63604,35,934,126,2025-05-04 02:00:00,2025-05-04 05:00:00,98,0,3,1,1,27879844
1,1,13203,17,898,198,2025-05-07 21:00:00,2025-05-07 23:00:00,98,4,0,0,0,27749951
2,3,12545,61,622,198,2025-05-16 19:00:00,2025-05-16 23:00:00,0,0,2,0,0,27749871
2,1,119,29,935,216,2025-05-19 06:00:00,2025-05-19 07:00:00,31,3,3,1,1,27787414
1,0,13552,51,592,65,2025-05-03 17:00:00,2025-05-03 21:00:00,0,0,3,1,1,27923969
2,3,324,58,44,203,2025-05-18 12:00:00,2025-05-18 13:00:00,14,3,0,1,1,27814694
1,3,299,23,933,97,2025-05-06 12:00:00,2025-05-06 13:00:00,31,4,2,1,0,27765183
1,2,13552,39,1040,181,2025-05-19 04:00:00,2025-05-19 08:00:00,14,4,3,1,1,27524376
0,2,12956,26,910,143,2025-05-02 14:00:00,2025-05-02 16:00:00,18,1,2,1,0,27421034
0,3,236,50,381,186,2025-05-07 22:00:00,2025-05-08 00:00:00,31,4,1,0,1,27812108
2,2,13056,25,592,197,2025-05-14 00:00:00,2025-05-14 04:00:00,98,1,2,1,0,27437677
2,0,119,61,56,62,2025-05-17 13:00:00,2025-05-17 16:00:00,18,4,3,1,0,27927833
1,3,1,43,915,167,2025-05-19 07:00:00,2025-05-19 11:00:00,0,4,1,0,1,27787396
2,0,13203,27,657,62,2025-05-03 20:00:00,2025-05-04 00:00:00,31,0,0,1,0,27749531
2,3,12544,15,283,225,2025-05-03 01:00:00,2025-05-03 04:00:00,14,1,3,1,0,27578192
2,2,235,2,126,197,2025-05-16 17:00:00,2025-05-16 21:00:00,31,1,1,0,1,27847636
2,1,12308,40,699,230,2025-05-12 10:00:00,2025-05-12 14:00:00,98,1,2,0,0,27620921
2,0,13056,36,781,197,2025-05-16 05:00:00,2025-05-16 10:00:00,0,1,0,0,1,27618386
1,3,324,19,796,186,2025-05-11 00:00:00,2025-05-11 03:00:00,98,3,0,0,1,27945524
2,2,12306,49,479,145,2025-05-10 09:00:00,2025-05-10 14:00:00,18,3,2,0,0,27573267
0,3,12306,59,118,197,2025-05-14 01:00:00,2025-05-14 05:00:00,31,0,0,0,0,27812569
1,2,199,31,98,162,2025-05-11 07:00:00,2025-05-11 11:00:00,98,3,2,1,0,27886458
1,1,236,55,996,198,2025-05-16 23:00:00,2025-05-17 00:00:00,14,3,1,0,1,27932017
2,1,12956,10,686,176,2025-05-08 19:00:00,2025-05-08 23:00:00,98,3,1,1,0,27917072
2,1,12544,46,704,126,2025-05-16 03:00:00,2025-05-16 05:00:00,0,3,0,1,1,27890823
0,3,1,60,21,206,2025-05-09 16:00:00,2025-05-09 17:00:00,31,0,2,1,0,27829801
0,0,12307,63,1016,221,2025-05-14 03:00:00,2025-05-14 06:00:00,98,3,3,1,1,27923062
1,1,1,13,1053,181,2025-05-15 05:00:00,2025-05-15 06:00:00,18,3,0,0,1,27879844
2,3,324,2,782,221,2025-05-16 01:00:00,2025-05-16 04:00:00,31,3,2,1,0,27906207
0,3,186,56,901,51,2025-05-08 19:00:00,2025-05-08 21:00:00,98,4,1,0,0,27830675
2,2,13056,55,67,194,2025-05-13 13:00:00,2025-05-13 17:00:00,98,0,2,1,1,27657503
2,2,13142,51,925,115,2025-05-05 00:00:00,2025-05-05 01:00:00,18,4,3,0,0,27830638
2,0,25,15,918,66,2025-05-08 04:00:00,2025-05-08 06:00:00,0,1,2,0,0,27791380
0,1,12308,41,545,229,2025-05-03 08:00:00,2025-05-03 13:00:00,18,1,3,0,0,27856294
2,0,12544,66,847,115,2025-05-07 08:00:00,2025-05-07 12:00:00,31,4,1,1,1,27700566
1,0,186,36,965,198,2025-05-01 05:00:00,2025-05-01 10:00:00,18,0,0,1,0,27762295
1,2,187,18,897,115,2025-05-08 04:00:00,2025-05-08 05:00:00,98,3,2,1,1,27416863
1,3,13056,48,583,60,2025-05-15 18:00:00,2025-05-15 22:00:00,31,1,0,0,0,27423230
2,2,12350,10,969,216,2025-05-16 19:00:00,2025-05-17 00:00:00,14,3,0,0,1,27653912
2,2,12580,29,272,59,2025-05-07 12:00:00,2025-05-07 17:00:00,14,4,0,1,1,27812257
0,3,186,63,887,176,2025-05-04 23:00:00,2025-05-05 04:00:00,14,1,0,0,1,27530768
0,1,2,42,881,209,2025-05-05 16:00:00,2025-05-05 18:00:00,18,0,0,0,0,27580700
2,2,4,59,534,181,2025-05-16 09:00:00,2025-05-16 12:00:00,14,4,2,1,0,27862607
1,1,12956,60,1056,126,2025-05-16 18:00:00,2025-05-16 19:00:00,14,3,2,0,1,27680439
1,0,12307,44,1058,202,2025-05-07 08:00:00,2025-05-07 12:00:00,18,4,0,0,1,27742532
1,1,25,39,1008,103,2025-05-10 22:00:00,2025-05-11 01:00:00,31,3,2,1,1,27926420
0,1,199,26,611,97,2025-05-05 14:00:00,2025-05-05 17:00:00,0,4,0,1,1,27609649
0,1,119,55,281,230,2025-05-13 02:00:00,2025-05-13 06:00:00,18,3,3,1,1,27793351
2,3,12308,22,851,63,2025-05-01 02:00:00,2025-05-01 03:00:00,18,1,3,0,1,27910043
2,0,12956,35,699,205,2025-05-12 23:00:00,2025-05-13 01:00:00,18,4,2,0,1,27822409
1,3,236,63,795,161,2025-05-19 09:00:00,2025-05-19 12:00:00,31,1,3,1,0,27897998
2,3,12956,32,515,197,2025-05-11 23:00:00,2025-05-12 03:00:00,14,1,0,1,0,27608444
0,2,187,57,665,165,2025-05-11 13:00:00,2025-05-11 17:00:00,0,4,3,0,0,27850684
2,3,12544,42,545,251,2025-05-02 21:00:00,2025-05-02 22:00:00,98,3,2,1,1,27816559
2,1,12350,11,934,186,2025-05-13 07:00:00,2025-05-13 11:00:00,14,3,2,0,1,27749703
1,2,63604,11,840,142,2025-05-18 14:00:00,2025-05-18 19:00:00,14,3,0,1,0,27927594
0,2,12956,27,1016,185,2025-05-17 10:00:00,2025-05-17 15:00:00,14,0,1,1,1,27782494
1,0,327,38,892,65,2025-05-07 17:00:00,2025-05-07 20:00:00,98,1,3,0,1,27912107
0,0,119,25,985,228,2025-05-05 23:00:00,2025-05-06 01:00:00,0,4,2,0,1,27550222
2,2,236,48,545,221,2025-05-08 16:00:00,2025-05-08 20:00:00,31,0,3,0,0,27862030
1,2,12580,9,58,209,2025-05-10 04:00:00,2025-05-10 09:00:00,98,1,3,0,0,27729016
2,0,12306,52,699,60,2025-05-05 06:00:00,2025-05-05 10:00:00,0,1,2,1,0,27914822
0,1,63604,56,895,251,2025-05-05 15:00:00,2025-05-05 20:00:00,18,0,2,1,1,27792397
2,2,12308,47,991,167,2025-05-10 23:00:00,2025-05-11 02:00:00,18,1,2,1,0,27894899
1,0,186,47,930,65,2025-05-15 03:00:00,2025-05-15 07:00:00,14,1,0,1,1,27897281
1,2,1,60,516,197,2025-05-07 05:00:00,2025-05-07 06:00:00,0,3,1,0,1,27807558
1,1,327,55,576,176,2025-05-15 23:00:00,2025-05-16 03:00:00,31,4,3,0,0,27853407
2,2,236,29,621,186,2025-05-11 13:00:00,2025-05-11 17:00:00,98,1,1,1,0,27632669
0,1,2,30,781,51,2025-05-15 00:00:00,2025-05-15 03:00:00,18,1,0,0,1,27796518
2,3,12307,61,1048,160,2025-05-06 14:00:00,2025-05-06 17:00:00,14,3,2,0,1,27937544
0,3,235,57,180,176,2025-05-01 11:00:00,2025-05-01 13:00:00,31,4,3,1,0,27826190
1,2,324,55,27,61,2025-05-17 04:00:00,2025-05-17 09:00:00,18,4,1,0,0,27912166
2,2,324,47,29,102,2025-05-08 03:00:00,2025-05-08 08:00:00,14,1,3,0,0,27565598
0,3,119,25,545,203,2025-05-13 11:00:00,2025-05-13 15:00:00,14,4,2,0,0,27690443
0,2,13552,53,27,115,2025-05-01 13:00:00,2025-05-01 16:00:00,31,4,3,1,1,27571079
2,3,235,26,534,161,2025-05-11 20:00:00,2025-05-11 23:00:00,31,1,0,0,1,27892764
0,2,13203,13,687,205,2025-05-10 01:00:00,2025-05-10 04:00:00,14,1,0,0,0,27835425
2,0,12306,66,795,169,2025-05-01 15:00:00,2025-05-01 16:00:00,14,1,1,1,0,27772681
2,2,12544,27,381,188,2025-05-11 18:00:00,2025-05-11 19:00:00,98,1,1,1,0,27874863
0,0,12956,25,899,63,2025-05-12 09:00:00,2025-05-12 14:00:00,18,0,2,1,1,27755621
2,2,186,61,887,216,2025-05-07 19:00:00,2025-05-07 21:00:00,98,0,3,1,0,27677237
1,0,199,63,101,206,2025-05-04 12:00:00,2025-05-04 14:00:00,18,3,2,0,1,27789994
2,2,12350,59,306,102,2025-05-08 00:00:00,2025-05-08 03:00:00,98,1,2,1,0,27574378
0,3,186,59,934,102,2025-05-09 09:00:00,2025-05-09 14:00:00,31,4,1,1,0,27452034
